1	16384	1	0	0	0	0	0	0	0	0	0	0	0	
2	16384	2.00008	4.06828e-05	4.06828e-05	4.06828e-05	4.06828e-05	4.06828e-05	4.06828e-05	4.06828e-05	4.06828e-05	4.06828e-05	4.06828e-05	4.06828e-05	
3	16384	3.00006	2.0337e-05	0.00451092	-0.333306	8.1382e-05	8.1382e-05	8.1382e-05	8.1382e-05	8.1382e-05	8.1382e-05	8.1382e-05	8.1382e-05	
4	16384	4.00012	3.051e-05	0.00478455	-0.249939	0.000122085	0.000122085	0.000122085	0.000122085	0.000122085	0.000122085	0.000122085	0.000122085	
5	16384	5.00026	5.28929e-05	0.00468804	-0.199902	0.000162792	0.000162792	0.000162792	0.000162792	0.000162792	0.000162792	0.000162792	0.000162792	
6	16384	6.00018	3.04992e-05	0.00536811	-0.166531	0.000203503	0.000203503	0.000203503	0.000203503	0.000203503	0.000203503	0.000203503	0.000203503	
7	16384	7.00037	5.22984e-05	0.00523414	-0.142683	0.000244217	0.000244217	0.000244217	0.000244217	0.000244217	0.000244217	0.000244217	0.000244217	
8	16384	8.00026	3.30216e-05	0.00560756	-0.124786	-0.124786	0.000284935	0.000284935	0.000284935	0.000284935	0.000284935	0.000284935	0.000284935	
9	16384	9.00043	4.74269e-05	0.00555513	-0.110858	-0.110858	0.000325657	0.000325657	0.000325657	0.000325657	0.000325657	0.000325657	0.000325657	
10	16384	10.0004	3.65514e-05	0.00573584	-0.0997069	-0.0997069	0.000366383	0.000366383	0.000366383	0.000366383	0.000366383	0.000366383	0.000366383	
11	16384	11.0004	3.50499e-05	0.00580639	-0.090576	-0.090576	0.000407112	0.000407112	0.000407112	0.000407112	0.000407112	0.000407112	0.000407112	
12	16384	12.0002	2.02167e-05	0.00595695	-0.0829601	-0.0829601	0.000447846	0.000447846	0.000447846	0.000447846	0.000447846	0.000447846	0.000447846	
13	16384	13.0001	4.52378e-06	0.00608584	-0.0765097	-0.0765097	0.000488583	0.000488583	0.000488583	0.000488583	0.000488583	0.000488583	0.000488583	
14	16384	13.9995	-3.80316e-05	0.00634412	-0.0709749	-0.0709749	0.000529324	0.000529324	0.000529324	0.000529324	0.000529324	0.000529324	0.000529324	
15	16384	14.9989	-7.35687e-05	0.00652298	-0.0661726	-0.0661726	0.000570068	0.000570068	0.000570068	0.000570068	0.000570068	0.000570068	0.000570068	
16	16384	15.9988	-7.28486e-05	0.00650532	-0.0619656	-0.0619656	0.000610817	0.000610817	0.000610817	0.000610817	0.000610817	0.000610817	0.000610817	
17	16384	16.9984	-9.25924e-05	0.00661132	-0.117144	-0.0582486	0.000651569	0.000651569	0.000651569	0.000651569	0.000651569	0.000651569	0.000651569	
18	16384	17.9986	-7.84622e-05	0.00653228	-0.110568	-0.0549402	0.000692325	0.000692325	0.000692325	0.000692325	0.000692325	0.000692325	0.000692325	
19	16384	18.9988	-6.4753e-05	0.00646218	-0.10468	-0.0519757	0.000733085	0.000733085	0.000733085	0.000733085	0.000733085	0.000733085	0.000733085	
20	16384	19.9988	-6.05713e-05	0.00643421	-0.0993769	-0.0493036	0.000773848	0.000773848	0.000773848	0.000773848	0.000773848	0.000773848	0.000773848	
21	16384	20.9989	-5.29138e-05	0.00639579	-0.0945748	-0.046882	0.000814616	0.000814616	0.000814616	0.000814616	0.000814616	0.000814616	0.000814616	
22	16384	21.999	-4.50328e-05	0.00635944	-0.0902056	-0.044677	0.000855387	0.000855387	0.000855387	0.000855387	0.000855387	0.000855387	0.000855387	
23	16384	22.9987	-5.82255e-05	0.00639481	-0.0862127	-0.0426601	0.000896162	0.000896162	0.000896162	0.000896162	0.000896162	0.000896162	0.000896162	
24	16384	23.9987	-5.41921e-05	0.00637243	-0.0825492	-0.0408078	-0.0408078	0.000936941	0.000936941	0.000936941	0.000936941	0.000936941	0.000936941	
25	16384	24.9988	-4.72271e-05	0.00635783	-0.0791755	-0.0391005	-0.0391005	0.000977723	0.000977723	0.000977723	0.000977723	0.000977723	0.000977723	
26	16384	25.9992	-3.06114e-05	0.00632918	-0.0760582	-0.0375214	-0.0375214	0.00101851	0.00101851	0.00101851	0.00101851	0.00101851	0.00101851	
27	16384	26.9992	-3.03343e-05	0.00634546	-0.0731688	-0.0360563	-0.0360563	0.0010593	0.0010593	0.0010593	0.0010593	0.0010593	0.0010593	
28	16384	27.9997	-1.18795e-05	0.00632232	-0.0704828	-0.0346928	-0.0346928	0.00110009	0.00110009	0.00110009	0.00110009	0.00110009	0.00110009	
29	16384	28.9996	-1.50941e-05	0.00635343	-0.0679793	-0.0334206	-0.0334206	0.00114089	0.00114089	0.00114089	0.00114089	0.00114089	0.00114089	
31	16384	30.9995	-1.5005e-05	0.00636616	-0.0957806	-0.0311145	-0.0311145	0.0012225	0.0012225	0.0012225	0.0012225	0.0012225	0.0012225	
32	16384	31.9994	-1.78451e-05	0.00635712	-0.0927161	-0.0300657	-0.0300657	0.00126331	0.00126331	0.00126331	0.00126331	0.00126331	0.00126331	
33	16384	32.9996	-1.24853e-05	0.00635678	-0.0898348	-0.029078	-0.029078	0.00130412	0.00130412	0.00130412	0.00130412	0.00130412	0.00130412	
35	16384	34.9997	-7.95165e-06	0.00637914	-0.0845593	-0.0559133	-0.0272649	0.00138576	0.00138576	0.00138576	0.00138576	0.00138576	0.00138576	
36	16384	35.9995	-1.35366e-05	0.00638675	-0.0821379	-0.0542853	-0.0264305	0.00142658	0.00142658	0.00142658	0.00142658	0.00142658	0.00142658	
38	16384	37.9996	-9.3511e-06	0.0063887	-0.077671	-0.0512801	-0.024887	0.00150824	0.00150824	0.00150824	0.00150824	0.00150824	0.00150824	
40	16384	39.9999	-3.57405e-06	0.00635155	-0.0736426	-0.0485672	-0.0234896	0.00158992	0.00158992	0.00158992	0.00158992	0.00158992	0.00158992	
41	16384	41.0002	5.81311e-06	0.00634542	-0.0717728	-0.047307	-0.0228391	0.00163076	0.00163076	0.00163076	0.00163076	0.00163076	0.00163076	
43	16384	42.9993	-1.51978e-05	0.0063865	-0.0682884	-0.0449567	-0.0216231	0.00171246	0.00171246	0.00171246	0.00171246	0.00171246	0.00171246	
45	16384	44.9987	-2.98422e-05	0.00639329	-0.0651065	-0.0428081	-0.0205079	0.00179417	0.00179417	0.00179417	0.00179417	0.00179417	0.00179417	
47	16384	46.999	-2.06821e-05	0.0063922	-0.0621884	-0.0408354	-0.0194806	0.0018759	0.0018759	0.0018759	0.0018759	0.0018759	0.0018759	
49	16384	48.998	-4.06443e-05	0.0063989	-0.0595018	-0.039017	-0.0185305	0.00195764	0.00195764	0.00195764	0.00195764	0.00195764	0.00195764	
52	16384	51.9992	-1.53301e-05	0.00633823	-0.0558476	-0.0365399	-0.0172306	0.00208029	0.00208029	0.00208029	0.00208029	0.00208029	0.00208029	
54	16384	53.9993	-1.2915e-05	0.00634009	-0.0536295	-0.0350338	-0.0164366	0.00216207	0.00216207	0.00216207	0.00216207	0.00216207	0.00216207	
56	16384	55.9988	-2.12872e-05	0.00634756	-0.0515639	-0.0336294	-0.0156935	0.00224387	0.00224387	0.00224387	0.00224387	0.00224387	0.00224387	
59	16384	58.9988	-2.08931e-05	0.00633728	-0.065743	-0.031691	-0.0146629	0.00236659	0.00236659	0.00236659	0.00236659	0.00236659	0.00236659	
61	16384	60.9989	-1.80109e-05	0.0063309	-0.0634388	-0.0304979	-0.0140254	0.00244842	0.00244842	0.00244842	0.00244842	0.00244842	0.00244842	
64	16384	63.9981	-3.0379e-05	0.00636193	-0.060243	-0.0288384	-0.0131343	0.00257121	0.00257121	0.00257121	0.00257121	0.00257121	0.00257121	
67	16384	66.9982	-2.70627e-05	0.0063892	-0.0573223	-0.0273166	-0.0123119	-0.0123119	0.00269402	0.00269402	0.00269402	0.00269402	0.00269402	
70	16384	69.9975	-3.63788e-05	0.00639034	-0.0546414	-0.0259146	-0.0115495	-0.0115495	0.00281687	0.00281687	0.00281687	0.00281687	0.00281687	
73	16384	72.9971	-3.91174e-05	0.00643412	-0.0521707	-0.0383948	-0.0108395	-0.0108395	0.00293976	0.00293976	0.00293976	0.00293976	0.00293976	
76	16384	75.9972	-3.6868e-05	0.00641734	-0.0498854	-0.03665	-0.0234135	-0.010176	0.00306267	0.00306267	0.00306267	0.00306267	0.00306267	
79	16384	78.998	-2.55303e-05	0.00642434	-0.0477642	-0.0350283	-0.0222914	-0.00955339	0.00318563	0.00318563	0.00318563	0.00318563	0.00318563	
83	16384	82.9976	-2.83271e-05	0.00642966	-0.0451607	-0.0330346	-0.0209075	-0.00877944	0.00334962	0.00334962	0.00334962	0.00334962	0.00334962	
87	16384	86.9989	-1.23934e-05	0.00641894	-0.0427814	-0.0312091	-0.0196358	-0.00806152	0.00351367	0.00351367	0.00351367	0.00351367	0.00351367	
91	16384	90.999	-1.05924e-05	0.00641026	-0.0405968	-0.0295295	-0.0184613	-0.00739223	0.00367778	0.00367778	0.00367778	0.00367778	0.00367778	
95	16384	94.9983	-1.79179e-05	0.00643413	-0.0385823	-0.0279776	-0.0173719	-0.00676542	0.00384196	0.00384196	0.00384196	0.00384196	0.00384196	
99	16384	98.9976	-2.45801e-05	0.00642027	-0.0468961	-0.0265377	-0.0163572	-0.00617593	0.00400619	0.00400619	0.00400619	0.00400619	0.00400619	
103	16384	102.995	-4.61941e-05	0.00643611	-0.044771	-0.0251968	-0.0154085	-0.00561942	0.00417049	0.00417049	0.00417049	0.00417049	0.00417049	
108	16384	107.994	-5.47711e-05	0.00645021	-0.0423189	-0.0329814	-0.0143043	-0.00496455	0.00437595	0.00437595	0.00437595	0.00437595	0.00437595	
112	16384	111.995	-4.08884e-05	0.00642455	-0.0405015	-0.0314946	-0.0134786	-0.00446947	0.00454038	0.00454038	0.00454038	0.00454038	0.00454038	
117	16384	116.995	-4.36025e-05	0.00644517	-0.0383887	-0.0297632	-0.01251	-0.00388234	0.00474601	0.00474601	0.00474601	0.00474601	0.00474601	
123	16384	122.995	-3.8421e-05	0.00643033	-0.044266	-0.027849	-0.0196396	-0.0032186	0.0049929	0.0049929	0.0049929	0.0049929	0.0049929	
128	16384	127.996	-3.1162e-05	0.00641274	-0.0421554	-0.0263733	-0.0184812	-0.00269523	0.00519874	0.00519874	0.00519874	0.00519874	0.00519874	
134	16384	133.992	-5.64853e-05	0.0064364	-0.0398102	-0.0247273	-0.0171849	-0.00964194	-0.00209834	0.00544588	0.00544588	0.00544588	0.00544588	
140	16384	139.992	-5.52652e-05	0.00641458	-0.0376447	-0.0304232	-0.0159784	-0.00875515	-0.0015313	0.00569316	0.00569316	0.00569316	0.00569316	
146	16384	145.991	-6.33204e-05	0.00641865	-0.0425643	-0.0287086	-0.0148506	-0.00792079	-0.000990396	0.00594057	0.00594057	0.00594057	0.00594057	
152	16384	151.989	-7.55139e-05	0.00642426	-0.040425	-0.0271097	-0.0137922	-0.00713264	-0.00047253	0.00618813	0.00618813	0.00618813	0.00618813	
159	16384	158.989	-6.79043e-05	0.00638989	-0.0381095	-0.0253731	-0.0126346	-0.00626452	0.000106034	0.00647712	0.00647712	0.00647712	0.00647712	
166	16384	165.991	-5.48698e-05	0.00636738	-0.0359647	-0.0237583	-0.0176544	-0.00544507	0.000660363	0.00676629	0.00676629	0.00676629	0.00676629	
173	16384	172.992	-4.81669e-05	0.00635845	-0.0339699	-0.0222507	-0.0163904	-0.00466834	0.00119342	0.00705566	0.00705566	0.00705566	0.00705566	
181	16384	180.988	-6.70914e-05	0.00635547	-0.0318515	-0.0262474	-0.0150379	-0.00382658	0.00177978	0.0073866	0.0073866	0.0073866	0.0073866	
189	16384	188.984	-8.55069e-05	0.00635609	-0.0298842	-0.0245138	-0.0137717	-0.00839998	0.00234476	0.00771779	0.00771779	0.00771779	0.00771779	
197	16384	196.982	-9.24809e-05	0.00636236	-0.0280495	-0.0228938	-0.0125812	-0.0074242	0.002891	0.00804923	0.00804923	0.00804923	0.00804923	
206	16384	205.982	-8.72853e-05	0.00639182	-0.0359918	-0.0211907	-0.0162562	-0.00638598	-0.00145026	0.00842239	0.00842239	0.00842239	0.00842239	
215	16384	214.983	-7.943e-05	0.00639944	-0.0337906	-0.0243297	-0.0148672	-0.00540314	-0.000670524	0.00406248	0.00879587	0.00879587	0.00879587	
225	16384	224.98	-9.09936e-05	0.00638801	-0.0315161	-0.0224682	-0.0134188	-0.00436791	0.000158094	0.00468447	0.00921122	0.00921122	0.00921122	
235	16384	234.982	-7.84962e-05	0.00640452	-0.0293995	-0.0250646	-0.0163939	-0.00772169	0.000951921	0.00528926	0.00962696	0.00962696	0.00962696	
245	16384	244.981	-7.61253e-05	0.00640959	-0.035743	-0.02326	-0.0149363	-0.00661119	0.00171527	0.00587901	0.0100431	0.0100431	0.0100431	
256	16384	255.979	-8.05914e-05	0.00641323	-0.0333572	-0.0253859	-0.0134265	-0.00545186	0.00252405	0.00651251	0.0105013	0.0105013	0.0105013	
267	16384	266.982	-6.62279e-05	0.00640481	-0.0311299	-0.02348	-0.0158289	-0.00817652	-0.000522874	0.00713203	0.01096	0.01096	0.01096	
279	16384	278.98	-7.21991e-05	0.00641062	-0.0361855	-0.0215305	-0.0142012	-0.00687071	0.000461013	0.00779395	0.0114609	0.0114609	0.0114609	
292	16384	291.983	-5.7596e-05	0.00640147	-0.0335699	-0.0230572	-0.0125418	-0.00553013	0.00148271	0.00498957	0.0120042	0.0120042	0.0120042	
304	16384	303.988	-3.97095e-05	0.00637504	-0.0313124	-0.0245741	-0.0144646	-0.00772358	-0.000981418	0.00576186	0.0125063	0.0125063	0.0125063	
318	16384	317.986	-4.3433e-05	0.00636624	-0.0352934	-0.0223963	-0.0127207	-0.00626891	0.000183906	0.00663779	0.00986514	0.0130928	0.0130928	
332	16384	331.986	-4.12166e-05	0.00638478	-0.0327195	-0.0234442	-0.0141666	-0.00798029	0.00130116	0.00749008	0.0105849	0.01368	0.01368	
347	16384	346.984	-4.63827e-05	0.00637766	-0.0331003	-0.0242156	-0.0153288	-0.0064397	-0.000512415	0.00541585	0.0113451	0.0143101	0.0143101	
362	16384	361.983	-4.70749e-05	0.00640322	-0.0334034	-0.0220343	-0.0135051	-0.00781775	0.000715038	0.00640474	0.0120954	0.0149411	0.0149411	
378	16384	377.989	-2.96453e-05	0.00640144	-0.0307446	-0.0225683	-0.0143898	-0.0062094	-0.000754633	0.00742922	0.0101576	0.0156151	0.0156151	
395	16384	394.99	-2.6181e-05	0.00640734	-0.0307063	-0.0228714	-0.0150346	-0.00719578	0.000644984	0.00587325	0.0111024	0.0137173	0.0163324	
412	16384	411.978	-5.25884e-05	0.00640031	-0.0306179	-0.0205886	-0.0130645	-0.00553849	-0.000520109	0.00700903	0.0120295	0.0145401	0.0170508	
431	16384	430.977	-5.269e-05	0.00638788	-0.0325843	-0.0229836	-0.0133797	-0.00617467	0.00103217	0.00583773	0.0106441	0.0154513	0.0178551	
450	16384	449.974	-5.68341e-05	0.00639632	-0.0320275	-0.0228184	-0.0136061	-0.00669495	0.000217979	0.00713264	0.0117434	0.0163549	0.0186609	
470	16384	469.986	-3.03753e-05	0.0063892	-0.0313095	-0.0224783	-0.013644	-0.0070164	-0.000387124	0.00624382	0.0106654	0.0172991	0.0172991	
490	16384	489.986	-2.86941e-05	0.00639819	-0.0305863	-0.022102	-0.0136149	-0.00724766	0.00124444	0.00549156	0.0118636	0.0161125	0.0182372	
512	16384	511.983	-3.30512e-05	0.00641921	-0.0295819	-0.0214479	-0.0133111	-0.00720677	0.000934738	0.00704266	0.0111155	0.017226	0.0192631	
535	16384	534.987	-2.51633e-05	0.00642463	-0.0304039	-0.0226059	-0.0128547	-0.00700199	0.000803902	0.00666004	0.0125177	0.0164235	0.0203301	
558	16384	557.989	-2.04066e-05	0.0064253	-0.0329612	-0.0198535	-0.0142336	-0.00673812	0.000759864	0.006385	0.0120116	0.0176395	0.0213923	
583	16384	582.996	-7.6037e-06	0.00641477	-0.0313852	-0.0206105	-0.0134244	-0.00623588	0.000955071	0.00634987	0.011746	0.0171436	0.0207427	
609	16384	609.005	8.59143e-06	0.00642223	-0.0314484	-0.0211129	-0.0142197	-0.00559986	-0.000426242	0.00647396	0.0116506	0.0168286	0.0202813	
636	16384	636.006	8.97413e-06	0.00645139	-0.0296442	-0.0213792	-0.0131107	-0.00649343	0.00012611	0.00674788	0.0117157	0.0166847	0.021655	
664	16384	664.007	1.09495e-05	0.0064597	-0.0277742	-0.0214268	-0.0134896	-0.00713739	0.000805868	0.00716289	0.0119321	0.0182929	0.0214741	
693	16384	693.016	2.30668e-05	0.00645542	-0.0273672	-0.0212716	-0.0136492	-0.00602349	7.93767e-05	0.00618431	0.0122913	0.0168729	0.0214557	
724	16384	724.009	1.24869e-05	0.0064598	-0.0266672	-0.0208182	-0.0135042	-0.00618711	-0.000331189	0.00699151	0.0128519	0.0187143	0.0216462	
756	16384	755.992	-1.08859e-05	0.00644711	-0.0300201	-0.0201939	-0.0131717	-0.00614642	0.000881825	0.00650657	0.0121332	0.0177618	0.0219845	
790	16384	789.989	-1.40531e-05	0.00645608	-0.0273874	-0.0206525	-0.0139147	-0.00582555	-0.000430511	0.00631587	0.0117151	0.0171161	0.0225189	
825	16384	825.006	7.67079e-06	0.00645921	-0.0260343	-0.019567	-0.0130969	-0.00662404	-0.000148433	0.00632994	0.0128111	0.017998	0.0231866	
861	16384	861.009	1.00051e-05	0.00649504	-0.0258091	-0.0208378	-0.0133776	-0.00591368	0.000309203	0.00653475	0.012763	0.0177474	0.0214869	
899	16384	899.016	1.73008e-05	0.00650503	-0.0252719	-0.0204965	-0.0133303	-0.00616039	-0.000182665	0.00699398	0.0117805	0.0177659	0.022556	
939	16384	938.999	-1.56273e-06	0.00652091	-0.0255894	-0.0210033	-0.0129738	-0.00608755	-0.00034629	0.00654648	0.0122932	0.0180423	0.0226434	
981	16384	980.987	-1.31666e-05	0.00654023	-0.0266444	-0.0211395	-0.0134286	-0.00681564	-0.000199234	0.00642059	0.0130438	0.0185658	0.0229851	
1024	16384	1023.97	-2.69427e-05	0.00653596	-0.0252642	-0.0210308	-0.013619	-0.0062026	0.000157837	0.00652157	0.0128886	0.018197	0.0245701	
1069	16384	1069	4.40445e-06	0.00657644	-0.0266987	-0.0216124	-0.0134699	-0.00634056	-0.000226255	0.00691111	0.0130323	0.0191566	0.0242627	
1117	16384	1117.01	9.71212e-06	0.00658771	-0.0275698	-0.0207297	-0.0129073	-0.00703699	-0.000184424	0.0066723	0.0125528	0.0194173	0.0233417	
1166	16384	1166.03	2.99042e-05	0.00660135	-0.0262415	-0.0215431	-0.013081	-0.00649468	9.56045e-05	0.0066899	0.0132882	0.0189471	0.0236651	
1218	16384	1218.02	1.89695e-05	0.00658111	-0.0272637	-0.0209416	-0.0137117	-0.00647664	-0.000141855	0.00619679	0.0125393	0.0188857	0.0234212	
1272	16384	1272.03	2.40121e-05	0.0065897	-0.0261055	-0.0208947	-0.0130732	-0.00698562	-2.38098e-05	0.00694287	0.0130427	0.0191463	0.0243809	
1328	16384	1328.02	1.83616e-05	0.00659697	-0.0263357	-0.0204874	-0.012963	-0.00626962	0.000428461	0.00629314	0.013	0.0188724	0.0230692	
1387	16384	1387	-2.7494e-06	0.00658843	-0.026075	-0.0212537	-0.0132126	-0.00677466	0.000473479	0.00692109	0.0125665	0.0182153	0.0238677	
1448	16384	1447.98	-1.49132e-05	0.0065892	-0.0269985	-0.0208121	-0.0138473	-0.00687691	9.89923e-05	0.00630445	0.0132908	0.0187285	0.0241696	
1512	16384	1511.98	-1.58468e-05	0.00659668	-0.0266244	-0.0206706	-0.0132224	-0.00651338	0.000200996	0.00692073	0.0128983	0.0188802	0.022621	
1579	16384	1578.98	-1.44734e-05	0.00658486	-0.0250691	-0.0207708	-0.0136019	-0.00642661	3.66026e-05	0.00650499	0.0129785	0.0187372	0.0237793	
1649	16384	1648.98	-9.43797e-06	0.00658695	-0.0265765	-0.02037	-0.013468	-0.00655994	0.00035431	0.00658241	0.0128155	0.0183603	0.0252968	
1722	16384	1721.95	-3.18644e-05	0.00660361	-0.0254745	-0.0208259	-0.0135149	-0.00686234	-0.000203816	0.00646068	0.0131311	0.0184718	0.0258215	
1798	16384	1797.92	-4.42436e-05	0.00660789	-0.0252177	-0.0207395	-0.0136967	-0.00664691	-0.000231959	0.00618877	0.0126153	0.0184041	0.0248416	
1878	16384	1877.92	-4.51471e-05	0.00657181	-0.0249784	-0.0206647	-0.0132634	-0.00647188	-0.000291896	0.00651254	0.0127043	0.0189016	0.0238635	
1961	16384	1960.9	-4.92703e-05	0.00659342	-0.0242238	-0.0200661	-0.0135272	-0.00638644	0.000166072	0.00672513	0.0126936	0.0186675	0.0234505	
2048	16384	2047.94	-3.05944e-05	0.00661914	-0.0234613	-0.0205988	-0.0137234	-0.00684054	4.98773e-05	0.00637272	0.0127019	0.0184612	0.0265331	
2139	16384	2138.98	-7.69339e-06	0.00661851	-0.0270737	-0.0199002	-0.013271	-0.00663445	9.37834e-06	0.00666051	0.0127638	0.0188733	0.0238765	
2233	16384	2232.96	-1.6708e-05	0.00664584	-0.0272099	-0.0202898	-0.0138947	-0.00695861	-1.42788e-05	0.00640325	0.0128279	0.0187234	0.0251616	
2332	16384	2331.98	-7.34445e-06	0.00666351	-0.0281174	-0.0209289	-0.0137312	-0.00652415	0.000176471	0.00688515	0.0130849	0.0182567	0.0244692	
2435	16384	2434.96	-1.61564e-05	0.00668619	-0.0263017	-0.0208496	-0.013406	-0.00694647	1.86836e-05	0.00699291	0.0129781	0.0194695	0.0249684	
2543	16384	2542.92	-3.04303e-05	0.0066964	-0.0271748	-0.0209555	-0.0137701	-0.0065746	0.000150295	0.006884	0.0131446	0.0194129	0.0247228	
2656	16384	2655.96	-1.56591e-05	0.00669876	-0.0244201	-0.0207236	-0.0133221	-0.00683674	0.000121372	0.00662447	0.0131361	0.0196564	0.0271187	
2774	16384	2774.03	9.62689e-06	0.00671692	-0.0259481	-0.0205931	-0.0134435	-0.00673095	-8.89929e-06	0.0067227	0.0130142	0.0202146	0.026524	
2896	16384	2896.01	5.02163e-06	0.00671728	-0.0292304	-0.0201749	-0.0136956	-0.00677425	0.000157682	0.00666596	0.0131836	0.0197105	0.0236311	
3025	16384	3024.96	-1.27485e-05	0.00674513	-0.0291907	-0.0204385	-0.0133405	-0.00664952	5.17143e-05	0.00676323	0.013485	0.0202172	0.0235872	
3158	16384	3158.06	1.74816e-05	0.00679929	-0.0300035	-0.0199251	-0.0134622	-0.00698939	-0.000101056	0.00679858	0.0137095	0.0202244	0.0251171	
3298	16384	3298.1	2.95587e-05	0.00680544	-0.0281535	-0.0195709	-0.0137086	-0.00666265	3.15955e-06	0.00667998	0.0137616	0.0196724	0.0240125	
3444	16384	3444.1	2.79729e-05	0.00681527	-0.0246868	-0.019776	-0.0137234	-0.0069029	-7.041e-05	0.00677412	0.0136307	0.0197356	0.0235561	
3597	16384	3597.11	2.99532e-05	0.00682582	-0.0261977	-0.0199813	-0.0137546	-0.00678299	-0.000166267	0.00683079	0.013841	0.0201244	0.0260478	
3756	16384	3756.09	2.42492e-05	0.00679689	-0.0283698	-0.01987	-0.0138371	-0.00672654	4.15622e-05	0.00682244	0.0136161	0.0200641	0.0258054	
3922	16384	3921.98	-5.73027e-06	0.00682117	-0.0279142	-0.0196751	-0.0138271	-0.00693435	-2.78427e-05	0.0068925	0.0134797	0.0204271	0.0249504	
4096	16384	4096.06	1.42385e-05	0.00683204	-0.0295734	-0.0199232	-0.0139193	-0.00690094	0.000132267	0.00684442	0.0135701	0.0203095	0.0250351	
4277	16384	4277.01	1.33287e-06	0.00685425	-0.0264208	-0.0199608	-0.0138116	-0.00700141	0.000148708	0.00666271	0.0138434	0.0203854	0.0253006	
4467	16384	4467.12	2.61366e-05	0.00688743	-0.0267756	-0.0198792	-0.0139107	-0.00698539	-4.44142e-05	0.00691224	0.0138846	0.0208728	0.0275582	
4664	16384	4664.11	2.37849e-05	0.00689433	-0.026204	-0.0201144	-0.0137069	-0.00697924	7.05548e-05	0.00682956	0.0139123	0.0207029	0.029368	
4871	16384	4871.08	1.6291e-05	0.00692104	-0.0279943	-0.0203052	-0.0137829	-0.00694802	-9.67672e-05	0.00706994	0.0139549	0.0208565	0.029281	
5087	16384	5087.22	4.24099e-05	0.00691052	-0.0276635	-0.0207636	-0.0138463	-0.0069116	4.07025e-05	0.00701062	0.0139982	0.020127	0.0283199	
5312	16384	5312.11	1.99223e-05	0.00694207	-0.0267173	-0.0208432	-0.0138331	-0.00680443	-3.92831e-05	0.00702616	0.0138267	0.0203603	0.0286213	
5547	16384	5547.32	5.75698e-05	0.0069719	-0.0291243	-0.0209602	-0.0138634	-0.00702087	0.000114869	0.00699501	0.01417	0.020534	0.0246929	
5793	16384	5793.3	5.13395e-05	0.00699615	-0.0291613	-0.0212109	-0.0137671	-0.00683484	0.000117037	0.00708859	0.0143492	0.0208211	0.0256861	
6049	16384	6049.31	5.0653e-05	0.00702937	-0.0285791	-0.0216053	-0.0138324	-0.00707518	-3.76711e-05	0.00702074	0.0141002	0.0209373	0.0275301	
6317	16384	6317.59	9.30542e-05	0.00705226	-0.0299288	-0.0208626	-0.0137861	-0.00694159	0.000178129	0.00706458	0.0144842	0.0214138	0.0293957	
6597	16384	6597.63	9.53255e-05	0.00710329	-0.0312717	-0.0207077	-0.0140485	-0.00712139	7.60832e-05	0.00729704	0.0142914	0.0218099	0.0283466	
6889	16384	6889.72	0.000104426	0.00713459	-0.0303772	-0.0212606	-0.0137942	-0.00702788	2.80272e-06	0.00730035	0.0143784	0.0219705	0.030082	
7194	16384	7194.78	0.000108213	0.00720064	-0.0286277	-0.0215924	-0.0140614	-0.00697603	0.000133783	0.00726816	0.0144272	0.0216112	0.0293015	
7512	16384	7512.84	0.000112461	0.00723816	-0.0282868	-0.021636	-0.0140406	-0.0071104	7.61774e-05	0.00728873	0.0145274	0.0217923	0.0274349	
7845	16384	7845.63	8.00055e-05	0.00726169	-0.0271922	-0.0224792	-0.0143726	-0.00713805	0.000123811	0.00741309	0.01473	0.0213848	0.0273708	
8192	16384	8192.79	9.62785e-05	0.00728189	-0.0286911	-0.0225397	-0.0143797	-0.00707149	4.26851e-05	0.00740767	0.0145773	0.0217744	0.0292255	
8555	16384	8555.84	9.86885e-05	0.00729372	-0.0284726	-0.0222281	-0.0142293	-0.00728267	0.000127539	0.00756824	0.0145993	0.0214367	0.0285217	
8933	16384	8933.96	0.000107953	0.0073262	-0.027279	-0.021997	-0.0141501	-0.00733508	0.000149451	0.0074509	0.0147829	0.0219285	0.0282321	
9329	16384	9329.99	0.000105857	0.00735803	-0.027465	-0.0220738	-0.0141631	-0.00747263	8.58652e-05	0.00746681	0.0148799	0.021686	0.0291613	
9742	16384	9742.94	9.60561e-05	0.007415	-0.0287543	-0.0222393	-0.0144687	-0.00748481	0.000149259	0.00761114	0.0148982	0.0222176	0.0280965	
10173	16384	10173.7	6.72368e-05	0.00748041	-0.0296978	-0.0226956	-0.0148566	-0.00758607	0.000124494	0.00766808	0.0150421	0.0222438	0.0309287	
10624	16384	10624.9	8.14101e-05	0.00753579	-0.0319743	-0.0221385	-0.0148194	-0.00746538	0.000123949	0.00775059	0.0150105	0.0223044	0.0292244	
11094	16384	11094.8	7.2161e-05	0.00760368	-0.0320501	-0.0223665	-0.0149648	-0.00752639	0.000146245	0.0076599	0.0152111	0.0225999	0.0298236	
11585	16384	11585.9	7.40547e-05	0.00767022	-0.0285789	-0.0224646	-0.014978	-0.0076461	0.000111568	0.0079105	0.015358	0.0228433	0.0303667	
12098	16384	12098.5	3.96002e-05	0.00771232	-0.0288254	-0.0227965	-0.0152241	-0.00780185	4.2978e-05	0.00793117	0.0154751	0.023644	0.0322518	
12634	16384	12634.6	4.36686e-05	0.00775849	-0.0285349	-0.0227695	-0.015107	-0.00777872	-3.25834e-05	0.0079475	0.0155903	0.0238531	0.0341048	
13193	16384	13193.9	6.88837e-05	0.00785386	-0.0305567	-0.0228465	-0.0154621	-0.0078508	-9.13653e-06	0.00787816	0.0158115	0.0241723	0.0325845	
13777	16384	13778	7.23599e-05	0.00790642	-0.0310523	-0.0234331	-0.0154033	-0.00787645	6.39727e-05	0.00805235	0.0159016	0.023986	0.0302236	
14387	16384	14388.3	8.74725e-05	0.00796903	-0.0336174	-0.0233971	-0.0156325	-0.00800288	3.88661e-05	0.0079465	0.0160883	0.0248417	0.0327139	
15024	16384	15025.4	9.55528e-05	0.00804505	-0.0319598	-0.0239673	-0.0159233	-0.00800776	0.000139463	0.00815676	0.0162251	0.0249003	0.0347542	
15689	16384	15691	0.000126885	0.00811288	-0.032999	-0.0240273	-0.0158782	-0.00803251	0.000223652	0.00817277	0.0163555	0.0255109	0.036401	
16384	16384	16385.8	0.0001085	0.00818521	-0.0312912	-0.0244844	-0.0162296	-0.00809499	9.48224e-05	0.00816053	0.0164611	0.0257303	0.0356216	
17109	16384	17111.2	0.000129361	0.00825388	-0.0330097	-0.0243556	-0.0163369	-0.00808714	0.000220577	0.00840817	0.0168322	0.0258593	0.033677	
17867	16384	17869.4	0.000136246	0.00834958	-0.035057	-0.0245829	-0.016447	-0.00807849	0.000174556	0.0084864	0.0170364	0.0261892	0.0346872	
18658	16384	18660.8	0.000150414	0.00843378	-0.0332479	-0.0243673	-0.0164528	-0.00830889	6.87779e-05	0.0085081	0.0171874	0.0262906	0.0360074	
19484	16384	19486.5	0.000127435	0.00849515	-0.0344153	-0.0247425	-0.0167028	-0.00843181	7.48162e-05	0.00847048	0.0172825	0.0272335	0.0365515	
20347	16384	20349.3	0.00011162	0.00855836	-0.035647	-0.0248476	-0.0168483	-0.00844613	2.03798e-05	0.00855186	0.0175013	0.0267	0.0354371	
21247	16384	21249.2	0.000101316	0.0086012	-0.0356746	-0.0252615	-0.01696	-0.00859432	8.75218e-06	0.00867986	0.0175952	0.0269366	0.0354647	
22188	16384	22190.5	0.000112673	0.00866151	-0.0340986	-0.0255614	-0.0167856	-0.00862046	-4.87156e-05	0.00876494	0.0176505	0.0273143	0.0365294	
23170	16384	23173.1	0.000134459	0.00872443	-0.0339889	-0.025815	-0.0169015	-0.0085934	0.000123341	0.00873863	0.0179467	0.0272336	0.0367776	
24196	16384	24200.2	0.000175192	0.00881868	-0.0348636	-0.0257191	-0.0171672	-0.00854465	0.000149108	0.00891479	0.0181012	0.0277181	0.0352967	
25268	16384	25271.7	0.000148257	0.00889558	-0.0370238	-0.0260916	-0.0172277	-0.00879532	4.73038e-05	0.00896506	0.0183061	0.0279051	0.0359999	
26386	16384	26390.1	0.000156865	0.00895523	-0.0349396	-0.0256721	-0.0174933	-0.00891082	8.43594e-05	0.00898601	0.0181373	0.0277184	0.0386233	
27554	16384	27558.7	0.000171941	0.00902683	-0.0369075	-0.0263487	-0.0175204	-0.00895235	0.000198381	0.00925913	0.0183994	0.0276199	0.0349843	
28774	16384	28777.7	0.000129714	0.00912394	-0.0379625	-0.0261062	-0.0177894	-0.00906684	7.09562e-05	0.00929078	0.0185934	0.0272816	0.0341086	
30048	16384	30052	0.000133707	0.00919602	-0.0380898	-0.0265802	-0.0179434	-0.0090635	6.47055e-05	0.0092752	0.0187417	0.0284698	0.0335433	
31379	16384	31382.2	0.000103245	0.00927019	-0.0376282	-0.0267855	-0.0181585	-0.00928828	-1.45453e-07	0.0093736	0.0188338	0.0289046	0.038017	
32768	16384	32772.6	0.000140598	0.00930344	-0.0397862	-0.0263371	-0.0180456	-0.00918058	0.000102401	0.00947122	0.0190994	0.0286441	0.0389811	
34219	16384	34223.1	0.000120946	0.00937853	-0.0385636	-0.0265919	-0.0183072	-0.00928149	0.000165284	0.00953015	0.0189819	0.0295673	0.0399094	
35734	16384	35738.3	0.00012091	0.00942638	-0.0362145	-0.0268611	-0.0184161	-0.00939506	4.69481e-05	0.00957827	0.0191998	0.029261	0.0406537	
37316	16384	37319.2	8.47826e-05	0.00949075	-0.0345316	-0.0271446	-0.0183724	-0.00952154	-8.34974e-05	0.00961492	0.0190617	0.029642	0.0410365	
38968	16384	38970.9	7.42983e-05	0.00954602	-0.0335138	-0.0274394	-0.0186719	-0.00949047	-5.41758e-05	0.00964256	0.019433	0.029318	0.0456517	
40693	16384	40695.3	5.54885e-05	0.00960955	-0.0333205	-0.0267518	-0.0188106	-0.00963201	-2.92876e-05	0.00966627	0.0194556	0.0293395	0.0435499	
42495	16384	42498.4	7.99063e-05	0.00968558	-0.0331486	-0.0277325	-0.0186382	-0.00979435	-2.50417e-05	0.00984045	0.0196305	0.0296895	0.0416091	
44376	16384	44379.1	6.87824e-05	0.00973196	-0.0341096	-0.0275478	-0.0189509	-0.00977553	-6.82484e-06	0.0098581	0.0199928	0.0295319	0.0375785	
46341	16384	46344.5	7.54063e-05	0.00977048	-0.034925	-0.0272175	-0.0189504	-0.00977555	-0.000176632	0.0100279	0.0198186	0.0297041	0.0361722	
48393	16384	48397.7	9.73488e-05	0.00979716	-0.0347624	-0.0278769	-0.0189519	-0.00977748	-9.75052e-06	0.00985426	0.0201607	0.0298749	0.0384507	
50535	16384	50540.6	0.000110099	0.00984116	-0.0355649	-0.0281921	-0.0192703	-0.00976401	3.57023e-06	0.0100384	0.0200012	0.0293652	0.0402225	
52773	16384	52780.1	0.000135294	0.00989925	-0.0357372	-0.0277079	-0.0191139	-0.00977394	-6.64673e-06	0.0100279	0.0205084	0.0293542	0.0435612	
55109	16384	55118.4	0.000169824	0.00994043	-0.035238	-0.0276985	-0.0192705	-0.00993218	2.62989e-06	0.0100371	0.0203449	0.0300604	0.0446305	
57549	16384	57558.9	0.000171688	0.00999166	-0.0329508	-0.0285221	-0.0196038	-0.00993363	0.000170317	0.0102064	0.0205158	0.0304073	0.0433919	
60097	16384	60106.5	0.000158036	0.00998194	-0.0331155	-0.0281943	-0.019273	-0.00993485	0.000169035	0.0100341	0.0206872	0.0309291	0.0407452	
62757	16384	62766.3	0.000148519	0.00999381	-0.0340854	-0.0288406	-0.0195935	-0.00992339	0.000180588	0.0102167	0.0205262	0.030941	0.0384702	
65536	16384	65543.6	0.000115731	0.0100301	-0.0358893	-0.0288481	-0.019767	-0.00993107	3.6008e-06	0.0102089	0.0203457	0.0302354	0.0382865	
68438	16384	68447	0.000131164	0.0100359	-0.0373631	-0.0288548	-0.0196079	-0.00993783	-3.20046e-06	0.0102021	0.0206842	0.0304029	0.0400381	
71468	16384	71476.7	0.000121361	0.010085	-0.037037	-0.0296759	-0.0199393	-0.00993749	-2.82362e-06	0.0103734	0.0203392	0.0311011	0.0428585	
74632	16384	74641.9	0.000132539	0.010129	-0.0370347	-0.0298377	-0.0199369	-0.00993501	-2.90093e-07	0.010376	0.0205146	0.0305805	0.0409218	
77936	16384	77947.4	0.000146007	0.0101755	-0.0355636	-0.0299985	-0.0200992	-0.00993143	3.35838e-06	0.0105508	0.0206911	0.0305843	0.038814	
81386	16384	81398	0.000146904	0.0101823	-0.0352303	-0.0294991	-0.0202582	-0.010092	1.0435e-05	0.0103869	0.0206983	0.0304173	0.0400527	
84990	16384	85001.8	0.000138823	0.0102101	-0.0355645	-0.0298352	-0.0201001	-0.0100998	2.51919e-06	0.0103789	0.0206903	0.0300604	0.041806	
88752	16384	88765.3	0.00015027	0.0102484	-0.0365336	-0.0296613	-0.0200903	-0.0100899	0.0001818	0.0105601	0.0207005	0.0304194	0.0441108	
92682	16384	92694.9	0.000139091	0.0102908	-0.0399571	-0.0298312	-0.0199303	-0.0102633	6.54268e-06	0.0105539	0.020867	0.0312853	0.0460498	
96785	16384	96799.9	0.00015418	0.0103202	-0.0360456	-0.0298268	-0.0200917	-0.0102589	1.09472e-05	0.0103874	0.0208714	0.0311152	0.0453463	
101070	16384	101085	0.000150552	0.0103215	-0.0355554	-0.0303185	-0.0204226	-0.0102582	0.000180826	0.0105589	0.0210447	0.0309412	0.0441092	
105545	16384	105561	0.000148591	0.0103555	-0.03621	-0.0308127	-0.020259	-0.0102605	9.29078e-06	0.0103856	0.0210423	0.0312877	0.0455211	
110218	16384	110234	0.00014108	0.010405	-0.0373521	-0.0298292	-0.0204259	-0.0104291	8.063e-06	0.0105553	0.0212138	0.0314609	0.0426927	
115098	16384	115116	0.000153176	0.0103933	-0.0352341	-0.0308159	-0.0205938	-0.0102638	5.82173e-06	0.010553	0.0210387	0.0314586	0.0391673	
120194	16384	120214	0.000170241	0.0104406	-0.0358885	-0.0299972	-0.0205955	-0.0102655	4.08572e-06	0.0105513	0.0213825	0.0319806	0.0361804	
125515	16384	125537	0.000173208	0.0104619	-0.034906	-0.0304863	-0.0205923	-0.0102623	7.37334e-06	0.0107256	0.0213859	0.031984	0.037412	
131072	16384	131090	0.000138759	0.0105	-0.0365378	-0.0301582	-0.020758	-0.0104298	7.40702e-06	0.0107257	0.0215589	0.0314604	0.0404009	
136875	16384	136892	0.000123624	0.0104988	-0.0386548	-0.0295012	-0.0209234	-0.0104294	7.78592e-06	0.0107261	0.0215594	0.0316354	0.0381151	
142935	16384	142956	0.000149881	0.0104896	-0.0376784	-0.0295013	-0.0207578	-0.0104295	0.00017699	0.0107261	0.0215594	0.0316355	0.0396975	
149263	16384	149287	0.000161347	0.0104678	-0.039141	-0.029992	-0.0209215	-0.0104274	0.00017911	0.0105573	0.0212159	0.0318124	0.0448148	
155872	16384	155894	0.000138854	0.0105006	-0.0378425	-0.0308156	-0.0205933	-0.0104306	0.000175903	0.0107251	0.0213855	0.0309364	0.0435746	
162773	16384	162794	0.000127758	0.010521	-0.0391435	-0.0314707	-0.0207583	-0.0104299	0.000176641	0.0105548	0.0213863	0.0307628	0.0441084	
169979	16384	169998	0.000114397	0.0105533	-0.0386519	-0.0319585	-0.0209202	-0.0104261	0.000183452	0.0105616	0.0215659	0.031642	0.0432288	
177505	16384	177522	9.63154e-05	0.0105743	-0.0407633	-0.0317936	-0.0207535	-0.0104252	1.20309e-05	0.0105594	0.0215636	0.0318143	0.0437563	
185364	16384	185381	9.17771e-05	0.0106065	-0.0404395	-0.0313029	-0.0209202	-0.0104262	1.10477e-05	0.0105584	0.0215626	0.0321626	0.0416379	
193571	16384	193586	7.87661e-05	0.0106051	-0.0428733	-0.0311402	-0.0210871	-0.0105948	9.83575e-06	0.0105571	0.0215614	0.0316375	0.0393476	
202141	16384	202154	6.58969e-05	0.0105877	-0.0422247	-0.0317952	-0.0207551	-0.0105942	0.000179673	0.0105577	0.0217349	0.0316381	0.0416372	
211090	16384	211112	0.000104295	0.0106347	-0.0423843	-0.0314649	-0.0210839	-0.0105917	0.000182263	0.0105604	0.0217375	0.0318153	0.0430511	
220436	16384	220453	7.93709e-05	0.0106336	-0.0404387	-0.0306462	-0.021085	-0.0105928	0.000181141	0.0105592	0.0215635	0.0328624	0.0435796	
230195	16384	230217	9.43383e-05	0.0106422	-0.0371833	-0.0306439	-0.0210828	-0.0105905	0.000183467	0.0107326	0.0215659	0.0325153	0.0428758	
240387	16384	240405	7.56696e-05	0.0106105	-0.0406004	-0.0313014	-0.020753	-0.0104247	1.25753e-05	0.0107309	0.0212185	0.0333876	0.0416395	
251030	16384	251046	6.3698e-05	0.0106427	-0.0379998	-0.0304821	-0.021085	-0.0105928	1.19448e-05	0.0107303	0.0215635	0.033212	0.0404056	
262144	16384	262160	6.20917e-05	0.0106483	-0.0407632	-0.0311379	-0.0212505	-0.0105926	1.21264e-05	0.0107305	0.0215637	0.0330374	0.0449936	
273750	16384	273770	7.43861e-05	0.0106519	-0.0409251	-0.0313015	-0.0212501	-0.0104247	1.25152e-05	0.0107309	0.0215641	0.0323388	0.0437568	
285870	16384	285886	5.69277e-05	0.0106476	-0.039626	-0.0314656	-0.0210846	-0.0105924	1.2333e-05	0.0107307	0.0215639	0.0332125	0.047118	
298527	16384	298543	5.29432e-05	0.0106751	-0.0393024	-0.0314671	-0.0210861	-0.0105939	1.08128e-05	0.0105581	0.0217353	0.0325117	0.0467621	
311744	16384	311746	7.13011e-06	0.0106927	-0.0412516	-0.0313034	-0.0210864	-0.0107615	1.05544e-05	0.0105579	0.021735	0.0330358	0.0434016	
325546	16384	325547	2.01254e-06	0.01067	-0.0399525	-0.0306472	-0.0212517	-0.0105939	1.08187e-05	0.0105581	0.0215624	0.0332109	0.0435784	
339959	16384	339955	-1.03189e-05	0.0106893	-0.0409263	-0.0314666	-0.0212513	-0.0105934	1.12681e-05	0.0105586	0.0215629	0.0328617	0.0398769	
355010	16384	355002	-2.13982e-05	0.0106844	-0.0441661	-0.031302	-0.0214162	-0.0105927	1.20309e-05	0.0107304	0.0215636	0.0330373	0.0418152	
370728	16384	370718	-2.62036e-05	0.0106748	-0.0430341	-0.0319584	-0.0214171	-0.0105936	-0.000158165	0.0105584	0.0215626	0.0321626	0.0501334	
387141	16384	387141	1.2257e-06	0.0106967	-0.0404382	-0.0313016	-0.0214158	-0.0105923	1.24188e-05	0.0107308	0.0217369	0.0326881	0.0503125	
404281	16384	404289	1.9979e-05	0.0106809	-0.0393004	-0.0311372	-0.0214153	-0.0105918	1.29046e-05	0.0105602	0.0219103	0.0323392	0.0474731	
422180	16384	422186	1.52411e-05	0.0106658	-0.0406	-0.0303169	-0.0214152	-0.0105917	1.30208e-05	0.0105604	0.0217375	0.03199	0.0474732	
440872	16384	440875	7.74447e-06	0.0106964	-0.0379999	-0.0317938	-0.0214163	-0.0105928	1.1899e-05	0.0105592	0.0217364	0.0316396	0.0465861	
460391	16384	460391	-9.58691e-07	0.0107203	-0.0368595	-0.030974	-0.0214161	-0.0107601	1.20533e-05	0.0105594	0.0219095	0.0328625	0.0437563	
480774	16384	480783	1.8959e-05	0.0107252	-0.037022	-0.0313014	-0.02125	-0.0107595	1.25753e-05	0.0107309	0.0213913	0.0328631	0.044994	
502060	16384	502064	7.18257e-06	0.0106999	-0.0379998	-0.0317937	-0.0212506	-0.0105928	1.19448e-05	0.0107303	0.0217364	0.0325129	0.045524	
524288	16384	524305	3.18933e-05	0.0107378	-0.0362073	-0.0319574	-0.0210848	-0.01076	1.21264e-05	0.0107305	0.0217366	0.0326878	0.041639	
547500	16384	547505	8.73897e-06	0.0107191	-0.0388129	-0.0317932	-0.0214157	-0.0107596	1.25152e-05	0.0107309	0.021737	0.0332126	0.0398782	
571740	16384	571739	-8.96829e-07	0.010693	-0.0417365	-0.0313017	-0.0212503	-0.0105924	1.2333e-05	0.0107307	0.0217368	0.0318146	0.04358	
597053	16384	597035	-3.08004e-05	0.0106821	-0.0418985	-0.0322846	-0.0210845	-0.0107596	-0.000156725	0.0107309	0.021737	0.032863	0.0421683	
623487	16384	623489	2.44313e-06	0.0106773	-0.0425471	-0.0321211	-0.0212504	-0.0105925	-0.000157055	0.0107305	0.0217367	0.0316399	0.0426972	
651091	16384	651087	-6.0064e-06	0.0106674	-0.0433567	-0.0321209	-0.0209189	-0.0105923	1.23546e-05	0.0107307	0.0213911	0.0318147	0.0411106	
679917	16384	679889	-4.12219e-05	0.0107129	-0.0441654	-0.0317929	-0.0210842	-0.0107594	-0.000156474	0.0107311	0.0215644	0.0316405	0.0412872	
710020	16384	709983	-5.24892e-05	0.0107261	-0.0399513	-0.0316298	-0.0212505	-0.0107601	-0.000157182	0.0107304	0.0215636	0.0316397	0.0412864	
741455	16384	741409	-6.14387e-05	0.0107467	-0.039951	-0.0317933	-0.0212502	-0.0109271	-0.000156817	0.0107308	0.0217369	0.0314655	0.0444635	
774282	16384	774225	-7.41824e-05	0.0107722	-0.0393009	-0.0322847	-0.0210845	-0.0109271	-0.000156794	0.0107308	0.0217369	0.0325134	0.0444635	
808563	16384	808524	-4.81222e-05	0.010774	-0.0393016	-0.0321216	-0.0212509	-0.0109278	-0.000157545	0.01073	0.0217362	0.0318139	0.0425203	
844361	16384	844300	-7.27612e-05	0.0107562	-0.039789	-0.0321214	-0.0209194	-0.0109277	-0.000157377	0.0107302	0.0217363	0.0325128	0.04111	
881744	16384	881692	-5.86576e-05	0.0107732	-0.041088	-0.0319576	-0.021085	-0.0107602	-0.000157314	0.0107303	0.0217364	0.0323381	0.046409	
920782	16384	920703	-8.59309e-05	0.0107652	-0.0383253	-0.0316297	-0.0212505	-0.0109275	-0.00015716	0.0107304	0.0219095	0.0321636	0.0469405	
961548	16384	961476	-7.45664e-05	0.0107437	-0.0376736	-0.0309735	-0.02125	-0.0107595	-0.000156638	0.0107309	0.0217371	0.0326883	0.0444636	
1004120	16384	1.00404e+06	-8.16018e-05	0.0107533	-0.0384881	-0.0304821	-0.0212506	-0.0109276	-0.000157268	0.0109014	0.0219094	0.0328624	0.042697	
1048576	16384	1.0485e+06	-6.90848e-05	0.0107386	-0.0389759	-0.0303178	-0.0212505	-0.01076	-0.000157087	0.0105595	0.0219095	0.0325131	0.0434032	
1095000	16384	1.09495e+06	-4.46447e-05	0.0107484	-0.037185	-0.0311376	-0.0212501	-0.0107596	-0.000325883	0.0107309	0.0219099	0.0323388	0.0395263	
1143480	16384	1.14345e+06	-2.31843e-05	0.0107721	-0.039626	-0.0303176	-0.0214159	-0.0107598	-0.00015688	0.0107307	0.0220827	0.032688	0.0386469	
1194106	16384	1.19412e+06	1.22532e-05	0.0107518	-0.0384876	-0.0311376	-0.0214157	-0.0107596	-0.000156725	0.0107309	0.0220829	0.0323388	0.0411107	
1246974	16384	1.24697e+06	-6.5396e-07	0.0107501	-0.0401136	-0.0304819	-0.0215816	-0.01076	-0.000157055	0.0107305	0.0219096	0.0328626	0.0432267	
1302182	16384	1.30216e+06	-1.85806e-05	0.0107636	-0.0371851	-0.0308097	-0.0214158	-0.0107598	1.23546e-05	0.0105597	0.0217369	0.0323386	0.041463	
1359835	16384	1.35984e+06	3.00197e-06	0.0107881	-0.0376741	-0.0308101	-0.0214162	-0.0109275	1.20035e-05	0.0107304	0.0215636	0.032513	0.0402297	
1420040	16384	1.42009e+06	3.73345e-05	0.0107697	-0.0363704	-0.0316298	-0.0212505	-0.0109275	1.20309e-05	0.0109014	0.0215636	0.0319889	0.0432266	
1482910	16384	1.48295e+06	2.85674e-05	0.0108143	-0.037348	-0.0314655	-0.0214158	-0.0109271	1.23964e-05	0.0109018	0.0217369	0.0328629	0.0458784	
1548564	16384	1.54855e+06	-6.61507e-06	0.0108404	-0.0418985	-0.0311376	-0.0214158	-0.0109271	1.24188e-05	0.0109018	0.0219098	0.0330377	0.0471181	
1617125	16384	1.61711e+06	-1.19227e-05	0.010856	-0.0415743	-0.0313017	-0.0212503	-0.0110946	1.22862e-05	0.0109017	0.0215639	0.0335622	0.047827	
1688722	16384	1.68871e+06	-9.72808e-06	0.0108509	-0.0414126	-0.0317938	-0.0214164	-0.0109277	1.18364e-05	0.0109013	0.0215634	0.0332119	0.0455239	
1763488	16384	1.76351e+06	1.201e-05	0.0108485	-0.0414125	-0.0316299	-0.0212507	-0.0109276	1.1899e-05	0.0107303	0.0215635	0.033212	0.0444629	
1841564	16384	1.84163e+06	3.46395e-05	0.0108181	-0.0391386	-0.0317936	-0.0214161	-0.0109275	1.20533e-05	0.0110726	0.0217365	0.0330373	0.043933	
1923097	16384	1.92318e+06	4.44625e-05	0.0108152	-0.0371854	-0.0317936	-0.0212505	-0.0109275	1.20553e-05	0.0109015	0.0219095	0.0337368	0.0412865	
2008240	16384	2.00833e+06	4.26937e-05	0.0108503	-0.0383254	-0.0319575	-0.0214162	-0.0107602	1.19448e-05	0.0110724	0.0219094	0.0318142	0.042697	
2097152	16384	2.09727e+06	5.41759e-05	0.0108381	-0.0370224	-0.0317935	-0.0212505	-0.0109274	1.21264e-05	0.0109015	0.0220825	0.0318144	0.0455242	
2190001	16384	2.19015e+06	7.01316e-05	0.0108399	-0.0386507	-0.030974	-0.0212505	-0.0107601	1.20585e-05	0.0109015	0.0220824	0.0328625	0.0455241	
2286960	16384	2.28713e+06	7.32979e-05	0.0108602	-0.0376738	-0.0308098	-0.0214159	-0.0107598	1.2333e-05	0.0110728	0.0219098	0.0335622	0.0474725	
2388213	16384	2.38848e+06	0.000112985	0.0108493	-0.0388134	-0.030646	-0.0215817	-0.0105926	1.2069e-05	0.0109015	0.0220824	0.0340868	0.0446399	
2493948	16384	2.49424e+06	0.000116951	0.0108594	-0.0401136	-0.0311379	-0.021416	-0.01076	1.21583e-05	0.0110727	0.0222555	0.0339119	0.0481816	
2604365	16384	2.60465e+06	0.000108754	0.0108323	-0.0401138	-0.0306461	-0.0214162	-0.0107601	1.19706e-05	0.0109014	0.0222553	0.0337367	0.0453471	
2719670	16384	2.71996e+06	0.000104897	0.0108194	-0.0388134	-0.0309741	-0.0210849	-0.0107601	1.20035e-05	0.0109014	0.0222553	0.0330373	0.0474721	
2840080	16384	2.84031e+06	8.23992e-05	0.0108047	-0.0379998	-0.0319575	-0.0212505	-0.0107601	1.20309e-05	0.0109014	0.0219094	0.0330373	0.046055	
2965821	16384	2.96621e+06	0.000129799	0.0107988	-0.0397888	-0.0316297	-0.0209192	-0.0105926	1.20592e-05	0.0109015	0.0220824	0.0323383	0.0425207	
3097129	16384	3.09756e+06	0.000138945	0.0108332	-0.038976	-0.0316297	-0.0212505	-0.0105926	1.20959e-05	0.0109015	0.0222554	0.0339118	0.043933	
3234251	16384	3.23469e+06	0.000134305	0.0108428	-0.0393013	-0.0314659	-0.0212506	-0.0107601	1.1977e-05	0.0109014	0.0222553	0.0330373	0.0439329	
3377443	16384	3.37805e+06	0.000181175	0.0108957	-0.0406009	-0.0324487	-0.0212505	-0.0105926	1.21325e-05	0.0110726	0.0222555	0.0332122	0.0444632	
3526975	16384	3.52759e+06	0.000173356	0.0109064	-0.0401136	-0.0319573	-0.0212504	-0.0107599	1.21826e-05	0.0110727	0.0224285	0.0340869	0.0462322	
3683128	16384	3.68373e+06	0.000164071	0.0109207	-0.0407633	-0.0329398	-0.0212505	-0.0105926	1.20533e-05	0.0110726	0.0222554	0.0339118	0.0499567	
3846194	16384	3.84688e+06	0.000177417	0.0109305	-0.0393012	-0.0324488	-0.0217473	-0.0105926	1.20553e-05	0.0110726	0.0224284	0.0332122	0.0469405	
4016479	16384	4.01721e+06	0.000181596	0.0108959	-0.0394636	-0.0319573	-0.0215816	-0.0105925	0.000181436	0.0110727	0.0222555	0.0332123	0.0496016	
4194304	16384	4.19516e+06	0.000204098	0.0109049	-0.0379997	-0.0322849	-0.0212505	-0.0105926	0.000181368	0.0110726	0.0222555	0.0339119	0.0462322	
4380002	16384	4.38095e+06	0.000216914	0.0109017	-0.0383253	-0.0319574	-0.0210849	-0.0105926	1.20585e-05	0.0112437	0.0220824	0.0342618	0.0455241	
4573921	16384	4.57483e+06	0.000199466	0.0108957	-0.0368594	-0.0319574	-0.0212505	-0.01076	1.21144e-05	0.0112437	0.0219095	0.0337369	0.0421679	
4776426	16384	4.77729e+06	0.000180997	0.0108609	-0.0378369	-0.0317936	-0.0212505	-0.0105926	1.2069e-05	0.0110726	0.0220824	0.0337368	0.0419916	
4987896	16384	4.98898e+06	0.000217907	0.010847	-0.0383252	-0.0314658	-0.0210848	-0.0105925	1.21583e-05	0.0110727	0.0219096	0.0337369	0.0414628	
5208729	16384	5.20983e+06	0.000211408	0.0108054	-0.0417366	-0.0308099	-0.0207534	-0.0105925	1.21626e-05	0.0110727	0.0219096	0.0332123	0.0402298	
5439339	16384	5.44052e+06	0.00021736	0.0107912	-0.0386506	-0.0316296	-0.0209191	-0.0105925	1.21873e-05	0.0110727	0.0220826	0.0328627	0.0402299	
5680159	16384	5.68136e+06	0.000211017	0.0108094	-0.0376739	-0.0313018	-0.0209191	-0.0105925	1.2207e-05	0.0112438	0.0219096	0.0332123	0.0400539	
5931642	16384	5.93282e+06	0.000198856	0.0108408	-0.0402762	-0.0316297	-0.0210849	-0.0105926	1.20592e-05	0.0110726	0.0219095	0.0326878	0.0384709	
6194258	16384	6.19546e+06	0.000193373	0.0108212	-0.0376741	-0.0313019	-0.0212505	-0.0105926	1.20959e-05	0.0112437	0.0219095	0.0328626	0.0391741	
6468501	16384	6.46966e+06	0.000178469	0.0108328	-0.0388133	-0.03081	-0.0212505	-0.0105926	1.21316e-05	0.0112437	0.0219095	0.0321637	0.041639	
6754886	16384	6.75609e+06	0.000178471	0.0108197	-0.0397887	-0.0306459	-0.0212505	-0.01076	0.000181374	0.0110726	0.0220825	0.0325131	0.0428737	
7053950	16384	7.0551e+06	0.000162399	0.0108184	-0.0384879	-0.0303177	-0.0212504	-0.0107599	1.21826e-05	0.0112438	0.0219096	0.0318145	0.0386468	
7366255	16384	7.36717e+06	0.000123756	0.0108173	-0.0389759	-0.0314657	-0.021416	-0.0107599	1.2189e-05	0.0110727	0.0220826	0.0318145	0.0393501	
7692387	16384	7.69345e+06	0.000138217	0.0108131	-0.0386506	-0.0314657	-0.0212504	-0.0105925	1.21853e-05	0.0110727	0.0222555	0.0325132	0.0402299	
8032959	16384	8.03409e+06	0.000140664	0.01085	-0.0412501	-0.0319574	-0.0212505	-0.01076	0.000181311	0.0109015	0.0219095	0.0323383	0.0397018	
8388608	16384	8.38986e+06	0.000148715	0.010801	-0.0438425	-0.0314658	-0.0210848	-0.0105926	1.21264e-05	0.0109015	0.0220825	0.0326878	0.0398778	
8760003	16384	8.76151e+06	0.000172431	0.0108021	-0.043195	-0.0316296	-0.0210848	-0.0107599	1.21727e-05	0.0110727	0.0219096	0.033562	0.0462322	
9147842	16384	9.14921e+06	0.000149038	0.0107615	-0.0393012	-0.0313019	-0.0209192	-0.0105926	1.21144e-05	0.0109015	0.0219095	0.0325131	0.0460551	
9552851	16384	9.55452e+06	0.000174306	0.0107693	-0.0414123	-0.0311379	-0.0209191	-0.0107599	1.21737e-05	0.0109016	0.0219096	0.0328627	0.0441098	
9975792	16384	9.97766e+06	0.000187343	0.0107738	-0.0406008	-0.0313018	-0.0209191	-0.0105925	1.21583e-05	0.0110727	0.0220825	0.0325131	0.0455243	
10417458	16384	1.04196e+07	0.00020908	0.0107972	-0.0399512	-0.0314658	-0.0210848	-0.0105925	0.000181404	0.0110727	0.0220825	0.0326879	0.0430502	
10878679	16384	1.08812e+07	0.000234972	0.0107845	-0.0393012	-0.0316297	-0.0212505	-0.0105926	0.000181337	0.0110726	0.0220825	0.0337369	0.0428736	
11360319	16384	1.1363e+07	0.000240096	0.0107781	-0.0418988	-0.0311379	-0.0210848	-0.0104251	0.000181361	0.0109015	0.0222555	0.0330374	0.0432267	
11863283	16384	1.1866e+07	0.000224945	0.0107909	-0.0465892	-0.0311379	-0.0210848	-0.0104251	0.000181385	0.0109016	0.0219096	0.0326879	0.0457012	
12388516	16384	1.23916e+07	0.000252687	0.0107926	-0.0427092	-0.0313019	-0.0210848	-0.0105926	0.000181338	0.0109015	0.0222554	0.0325131	0.0441097	
12937002	16384	1.29403e+07	0.000256248	0.0108065	-0.0393011	-0.0316297	-0.0212505	-0.0104251	0.000181373	0.0110726	0.0224285	0.0330374	0.0439331	
13509772	16384	1.35134e+07	0.000270184	0.010804	-0.0433569	-0.0319574	-0.0210848	-0.0104251	0.000181374	0.0110726	0.0224285	0.033562	0.0464092	
14107901	16384	1.41119e+07	0.000283224	0.010811	-0.0393012	-0.0313019	-0.0212505	-0.0105926	0.000181353	0.0112437	0.0222555	0.0333871	0.0467634	
14732511	16384	1.47367e+07	0.000283077	0.0108286	-0.0415745	-0.0311379	-0.0212505	-0.0105926	0.000181363	0.0110726	0.0222555	0.0330374	0.0458781	
15384775	16384	1.53883e+07	0.000229011	0.0108453	-0.0415745	-0.0313019	-0.0215817	-0.0105926	0.000181362	0.0110726	0.0224285	0.0328626	0.0426972	
16065917	16384	1.60691e+07	0.000198256	0.0108737	-0.042223	-0.0321212	-0.0214161	-0.01076	0.000181373	0.0110726	0.0220825	0.0330374	0.0464092	
16777216	16384	1.67809e+07	0.000217323	0.0108784	-0.0402761	-0.0319574	-0.0214161	-0.0105926	0.000181368	0.0110726	0.0224285	0.0328626	0.0474723	
17520007	16384	1.7524e+07	0.000228701	0.0108963	-0.0401137	-0.0319574	-0.0214161	-0.0105926	0.000181357	0.0110726	0.0222555	0.0333871	0.0535164	
18295684	16384	1.8299e+07	0.000181616	0.0109114	-0.0373483	-0.0321212	-0.0214161	-0.01076	0.000181356	0.0110726	0.0222555	0.0326878	0.0533381	
19105703	16384	1.91089e+07	0.000169129	0.0109107	-0.037674	-0.0317935	-0.0215817	-0.0105926	0.000181363	0.0110726	0.0222555	0.0330374	0.0503122	
19951585	16384	1.99559e+07	0.000215247	0.0109024	-0.0406009	-0.0314658	-0.0214161	-0.0105926	0.00018135	0.0110726	0.0222554	0.0321637	0.0458781	
20834917	16384	2.08396e+07	0.000223479	0.0109437	-0.0409255	-0.0316297	-0.0214161	-0.01076	0.000181356	0.0112437	0.0220825	0.0328626	0.0457011	
21757357	16384	2.17626e+07	0.000240865	0.0109089	-0.0368594	-0.0317935	-0.0214161	-0.0105926	0.000181383	0.0110726	0.0224285	0.0330374	0.0494239	
22720638	16384	2.27265e+07	0.00025863	0.0109132	-0.0371854	-0.03081	-0.0214161	-0.0105926	0.000181361	0.0110726	0.0226015	0.033562	0.0506678	
23726566	16384	2.37324e+07	0.000245431	0.0109261	-0.0394637	-0.0313019	-0.0214161	-0.0105926	0.000181385	0.0112438	0.0226015	0.0332123	0.0533382	
24777031	16384	2.47834e+07	0.000255252	0.0109275	-0.0435188	-0.0321212	-0.0215816	-0.01076	0.000181378	0.0112438	0.0226015	0.0321637	0.0549437	
25874004	16384	2.58797e+07	0.000219899	0.0109551	-0.0427092	-0.0317935	-0.0215817	-0.0105926	1.21316e-05	0.0110726	0.0226015	0.0325131	0.0506678	
27019544	16384	2.70245e+07	0.000184091	0.0109758	-0.0404385	-0.0327761	-0.0215817	-0.01076	1.21325e-05	0.0110726	0.0226015	0.0330374	0.0536947	
28215802	16384	2.82217e+07	0.000210349	0.0109911	-0.0399512	-0.033267	-0.0215817	-0.01076	1.21117e-05	0.0114149	0.0226015	0.033562	0.0503122	
29465022	16384	2.94714e+07	0.000215455	0.0110318	-0.0402761	-0.0340847	-0.0214161	-0.01076	0.000181363	0.0112437	0.0226015	0.0333871	0.0513792	
30769550	16384	3.07765e+07	0.000226349	0.0110121	-0.0410878	-0.0334306	-0.0214161	-0.0109274	0.000181362	0.0112437	0.0226015	0.0330374	0.0492463	
32131834	16384	3.21388e+07	0.000216964	0.0110541	-0.0391386	-0.0327761	-0.0217472	-0.0109274	0.000181373	0.0114149	0.0227746	0.0333871	0.0428736	
33554432	16384	3.35611e+07	0.000198082	0.0109895	-0.0410878	-0.0322849	-0.0215817	-0.01076	0.000181368	0.0112437	0.0222555	0.0330374	0.0428736	
35040014	16384	3.50463e+07	0.000180103	0.0109679	-0.0454592	-0.0319574	-0.0215817	-0.01076	1.21156e-05	0.0112437	0.0222555	0.0323384	0.0418153	
36591368	16384	3.65981e+07	0.000183632	0.0109579	-0.0430331	-0.0324487	-0.0214161	-0.0105926	1.21144e-05	0.0112437	0.0224285	0.0321637	0.0425207	
38211406	16384	3.82174e+07	0.000157889	0.0109568	-0.0407632	-0.0322849	-0.0214161	-0.01076	1.21214e-05	0.0112437	0.0224285	0.0326878	0.0448167	
39903169	16384	3.99109e+07	0.000193153	0.010966	-0.0433569	-0.0317935	-0.0214161	-0.0105926	1.21333e-05	0.0112437	0.0226015	0.0332122	0.0434032	
41669834	16384	4.16787e+07	0.000211868	0.0109425	-0.0415745	-0.0314658	-0.0212505	-0.0105926	1.21146e-05	0.0112437	0.0224285	0.0332122	0.0439331	
43514715	16384	4.35234e+07	0.000199382	0.0109627	-0.0406009	-0.032285	-0.0212505	-0.01076	1.21184e-05	0.0112437	0.0226015	0.0333871	0.0397018	
45441276	16384	4.54518e+07	0.000232143	0.0109382	-0.0427092	-0.0326124	-0.0212505	-0.01076	1.21189e-05	0.0112437	0.0224285	0.0332122	0.0418153	
47453133	16384	4.74639e+07	0.000226925	0.0109069	-0.0456207	-0.0317935	-0.0212505	-0.01076	1.21224e-05	0.0112437	0.0222555	0.0328626	0.0405819	
49554062	16384	4.95651e+07	0.000222892	0.0108988	-0.044166	-0.0319574	-0.0209191	-0.01076	1.21363e-05	0.0112438	0.0220825	0.0347871	0.0480042	
51748008	16384	5.17599e+07	0.000230125	0.0108958	-0.0446512	-0.0316297	-0.0209191	-0.01076	1.21316e-05	0.0110726	0.0224285	0.0339119	0.0464092	
54039088	16384	5.40519e+07	0.000236377	0.0108577	-0.0414123	-0.0324487	-0.0209191	-0.0105926	0.000181374	0.0112437	0.0222555	0.0337369	0.04464	
56431603	16384	5.64454e+07	0.000244379	0.0108478	-0.0404385	-0.0326124	-0.0207534	-0.0104251	1.21294e-05	0.0110726	0.0220825	0.0340868	0.0439331	
58930044	16384	5.89434e+07	0.000226271	0.010868	-0.0423851	-0.0321212	-0.0210848	-0.0105926	1.21211e-05	0.0110726	0.0222555	0.0342618	0.0419916	
61539100	16384	6.15522e+07	0.000213008	0.0108864	-0.0433569	-0.0319574	-0.0209191	-0.01076	1.21203e-05	0.0112437	0.0220825	0.0346119	0.0409342	
64263668	16384	6.42796e+07	0.000247984	0.0108696	-0.0381624	-0.0314658	-0.0209191	-0.01076	1.21315e-05	0.0110726	0.0220825	0.0337369	0.0448167	
67108864	16384	6.71237e+07	0.00022056	0.0108521	-0.0409255	-0.03081	-0.0209191	-0.01076	1.21264e-05	0.0110726	0.0222555	0.0332122	0.0425207
