1	4096	1	0	0	0	0	0	0	0	0	0	0	0	
2	4096	2	0	0	0	0	0	0	0	0	0	0	0	
3	4096	3	0	0	0	0	0	0	0	0	0	0	0	
4	4096	4	0	0	0	0	0	0	0	0	0	0	0	
5	4096	5	0	0	0	0	0	0	0	0	0	0	0	
6	4096	6	0	0	0	0	0	0	0	0	0	0	0	
7	4096	7	0	0	0	0	0	0	0	0	0	0	0	
8	4096	8	0	0	0	0	0	0	0	0	0	0	0	
9	4096	9	0	0	0	0	0	0	0	0	0	0	0	
10	4096	10	0	0	0	0	0	0	0	0	0	0	0	
11	4096	11	0	0	0	0	0	0	0	0	0	0	0	
12	4096	12	0	0	0	0	0	0	0	0	0	0	0	
13	4096	13	0	0	0	0	0	0	0	0	0	0	0	
14	4096	14	0	0	0	0	0	0	0	0	0	0	0	
15	4096	15	0	0	0	0	0	0	0	0	0	0	0	
16	4096	16	0	0	0	0	0	0	0	0	0	0	0	
17	4096	17	0	0	0	0	0	0	0	0	0	0	0	
18	4096	18	0	0	0	0	0	0	0	0	0	0	0	
19	4096	19	0	0	0	0	0	0	0	0	0	0	0	
20	4096	20	0	0	0	0	0	0	0	0	0	0	0	
21	4096	21	0	0	0	0	0	0	0	0	0	0	0	
22	4096	22	0	0	0	0	0	0	0	0	0	0	0	
23	4096	23	0	0	0	0	0	0	0	0	0	0	0	
24	4096	24	0	0	0	0	0	0	0	0	0	0	0	
25	4096	25	0	0	0	0	0	0	0	0	0	0	0	
26	4096	26	0	0	0	0	0	0	0	0	0	0	0	
27	4096	27	0	0	0	0	0	0	0	0	0	0	0	
28	4096	28	0	0	0	0	0	0	0	0	0	0	0	
29	4096	29	0	0	0	0	0	0	0	0	0	0	0	
31	4096	31	0	0	0	0	0	0	0	0	0	0	0	
32	4096	32	0	0	0	0	0	0	0	0	0	0	0	
33	4096	33	0	0	0	0	0	0	0	0	0	0	0	
35	4096	35	0	0	0	0	0	0	0	0	0	0	0	
36	4096	36	0	0	0	0	0	0	0	0	0	0	0	
38	4096	38	0	0	0	0	0	0	0	0	0	0	0	
40	4096	40	0	0	0	0	0	0	0	0	0	0	0	
41	4096	41	0	0	0	0	0	0	0	0	0	0	0	
43	4096	43	0	0	0	0	0	0	0	0	0	0	0	
45	4096	45	0	0	0	0	0	0	0	0	0	0	0	
47	4096	47	0	0	0	0	0	0	0	0	0	0	0	
49	4096	49	0	0	0	0	0	0	0	0	0	0	0	
52	4096	52	0	0	0	0	0	0	0	0	0	0	0	
54	4096	54	0	0	0	0	0	0	0	0	0	0	0	
56	4096	56	0	0	0	0	0	0	0	0	0	0	0	
59	4096	59	0	0	0	0	0	0	0	0	0	0	0	
61	4096	61	0	0	0	0	0	0	0	0	0	0	0	
64	4096	64	0	0	0	0	0	0	0	0	0	0	0	
67	4096	67	0	0	0	0	0	0	0	0	0	0	0	
70	4096	70	0	0	0	0	0	0	0	0	0	0	0	
73	4096	73	0	0	0	0	0	0	0	0	0	0	0	
76	4096	76	0	0	0	0	0	0	0	0	0	0	0	
79	4096	79	0	0	0	0	0	0	0	0	0	0	0	
83	4096	83	0	0	0	0	0	0	0	0	0	0	0	
87	4096	87	0	0	0	0	0	0	0	0	0	0	0	
91	4096	91	0	0	0	0	0	0	0	0	0	0	0	
95	4096	95	0	0	0	0	0	0	0	0	0	0	0	
99	4096	99	0	0	0	0	0	0	0	0	0	0	0	
103	4096	103	0	0	0	0	0	0	0	0	0	0	0	
108	4096	108	0	0	0	0	0	0	0	0	0	0	0	
112	4096	112	0	0	0	0	0	0	0	0	0	0	0	
117	4096	117	0	0	0	0	0	0	0	0	0	0	0	
123	4096	123	0	0	0	0	0	0	0	0	0	0	0	
128	4096	128	0	0	0	0	0	0	0	0	0	0	0	
134	4096	134	0	0	0	0	0	0	0	0	0	0	0	
140	4096	140	0	0	0	0	0	0	0	0	0	0	0	
146	4096	146	0	0	0	0	0	0	0	0	0	0	0	
152	4096	152	0	0	0	0	0	0	0	0	0	0	0	
159	4096	159	0	0	0	0	0	0	0	0	0	0	0	
166	4096	166	0	0	0	0	0	0	0	0	0	0	0	
173	4096	173	0	0	0	0	0	0	0	0	0	0	0	
181	4096	181	0	0	0	0	0	0	0	0	0	0	0	
189	4096	189	0	0	0	0	0	0	0	0	0	0	0	
197	4096	197	0	0	0	0	0	0	0	0	0	0	0	
206	4096	206	0	0	0	0	0	0	0	0	0	0	0	
215	4096	215	0	0	0	0	0	0	0	0	0	0	0	
225	4096	225	0	0	0	0	0	0	0	0	0	0	0	
235	4096	235	0	0	0	0	0	0	0	0	0	0	0	
245	4096	245	0	0	0	0	0	0	0	0	0	0	0	
256	4096	256	0	0	0	0	0	0	0	0	0	0	0	
267	4096	267	0	0	0	0	0	0	0	0	0	0	0	
279	4096	279	0	0	0	0	0	0	0	0	0	0	0	
292	4096	292	0	0	0	0	0	0	0	0	0	0	0	
304	4096	304	0	0	0	0	0	0	0	0	0	0	0	
318	4096	318	0	0	0	0	0	0	0	0	0	0	0	
332	4096	332	0	0	0	0	0	0	0	0	0	0	0	
347	4096	347	0	0	0	0	0	0	0	0	0	0	0	
362	4096	362	0	0	0	0	0	0	0	0	0	0	0	
378	4096	378	0	0	0	0	0	0	0	0	0	0	0	
395	4096	395	0	0	0	0	0	0	0	0	0	0	0	
412	4096	412	0	0	0	0	0	0	0	0	0	0	0	
431	4096	431	0	0	0	0	0	0	0	0	0	0	0	
450	4096	450	0	0	0	0	0	0	0	0	0	0	0	
470	4096	470	0	0	0	0	0	0	0	0	0	0	0	
490	4096	490	0	0	0	0	0	0	0	0	0	0	0	
512	4096	512	0	0	0	0	0	0	0	0	0	0	0	
535	4096	535	0	0	0	0	0	0	0	0	0	0	0	
558	4096	558	0	0	0	0	0	0	0	0	0	0	0	
583	4096	583	0	0	0	0	0	0	0	0	0	0	0	
609	4096	609	0	0	0	0	0	0	0	0	0	0	0	
636	4096	636	0	0	0	0	0	0	0	0	0	0	0	
664	4096	664	0	0	0	0	0	0	0	0	0	0	0	
693	4096	693	0	0	0	0	0	0	0	0	0	0	0	
724	4096	724	0	0	0	0	0	0	0	0	0	0	0	
756	4096	756	0	0	0	0	0	0	0	0	0	0	0	
790	4096	790	0	0	0	0	0	0	0	0	0	0	0	
825	4096	825	0	0	0	0	0	0	0	0	0	0	0	
861	4096	861	0	0	0	0	0	0	0	0	0	0	0	
899	4096	899	0	0	0	0	0	0	0	0	0	0	0	
939	4096	939	0	0	0	0	0	0	0	0	0	0	0	
981	4096	981	0	0	0	0	0	0	0	0	0	0	0	
1024	4096	1024	0	0	0	0	0	0	0	0	0	0	0	
1069	4096	1069	0	0	0	0	0	0	0	0	0	0	0	
1117	4096	1117	0	0	0	0	0	0	0	0	0	0	0	
1166	4096	1166	0	0	0	0	0	0	0	0	0	0	0	
1218	4096	1218	0	0	0	0	0	0	0	0	0	0	0	
1272	4096	1272	0	0	0	0	0	0	0	0	0	0	0	
1328	4096	1328	0	0	0	0	0	0	0	0	0	0	0	
1387	4096	1387	0	0	0	0	0	0	0	0	0	0	0	
1448	4096	1448	0	0	0	0	0	0	0	0	0	0	0	
1512	4096	1512	0	0	0	0	0	0	0	0	0	0	0	
1579	4096	1579	0	0	0	0	0	0	0	0	0	0	0	
1649	4096	1649	0	0	0	0	0	0	0	0	0	0	0	
1722	4096	1722	0	0	0	0	0	0	0	0	0	0	0	
1798	4096	1798	0	0	0	0	0	0	0	0	0	0	0	
1878	4096	1878	0	0	0	0	0	0	0	0	0	0	0	
1961	4096	1961	0	0	0	0	0	0	0	0	0	0	0	
2048	4096	2048	0	0	0	0	0	0	0	0	0	0	0	
2139	4096	2139	0	0	0	0	0	0	0	0	0	0	0	
2233	4096	2233	0	0	0	0	0	0	0	0	0	0	0	
2332	4096	2332	0	0	0	0	0	0	0	0	0	0	0	
2435	4096	2435	0	0	0	0	0	0	0	0	0	0	0	
2543	4096	2543	0	0	0	0	0	0	0	0	0	0	0	
2656	4096	2656	0	0	0	0	0	0	0	0	0	0	0	
2774	4096	2774	0	0	0	0	0	0	0	0	0	0	0	
2896	4096	2896	0	0	0	0	0	0	0	0	0	0	0	
3025	4096	3025	0	0	0	0	0	0	0	0	0	0	0	
3158	4096	3158	0	0	0	0	0	0	0	0	0	0	0	
3298	4096	3298	0	0	0	0	0	0	0	0	0	0	0	
3444	4096	3444	0	0	0	0	0	0	0	0	0	0	0	
3597	4096	3597	0	0	0	0	0	0	0	0	0	0	0	
3756	4096	3756	0	0	0	0	0	0	0	0	0	0	0	
3922	4096	3922	0	0	0	0	0	0	0	0	0	0	0	
4096	4096	4096	0	0	0	0	0	0	0	0	0	0	0	
4277	4096	4277	0	0	0	0	0	0	0	0	0	0	0	
4467	4096	4467	0	0	0	0	0	0	0	0	0	0	0	
4664	4096	4664	0	0	0	0	0	0	0	0	0	0	0	
4871	4096	4871	0	0	0	0	0	0	0	0	0	0	0	
5087	4096	5087	0	0	0	0	0	0	0	0	0	0	0	
5312	4096	5312	0	0	0	0	0	0	0	0	0	0	0	
5547	4096	5547	0	0	0	0	0	0	0	0	0	0	0	
5793	4096	5793	0	0	0	0	0	0	0	0	0	0	0	
6049	4096	6049	0	0	0	0	0	0	0	0	0	0	0	
6317	4096	6317	0	0	0	0	0	0	0	0	0	0	0	
6597	4096	6597	0	0	0	0	0	0	0	0	0	0	0	
6889	4096	6889	0	0	0	0	0	0	0	0	0	0	0	
7194	4096	7194	0	0	0	0	0	0	0	0	0	0	0	
7512	4096	7512	0	0	0	0	0	0	0	0	0	0	0	
7845	4096	7844.28	-9.18569e-05	0.0105124	-0.0383475	-0.0316648	-0.0206035	-0.0107827	-6.32116e-05	0.0104876	0.0212874	0.030272	0.0323451	
8192	4096	8191.13	-0.000106057	0.0102486	-0.0361406	-0.0292276	-0.0200915	-0.0104478	-0.000169712	0.0102879	0.0212889	0.0290495	0.0322808	
8555	4096	8554.28	-8.40808e-05	0.0100527	-0.0344434	-0.0291716	-0.0198728	-0.0102272	-0.000159194	0.010205	0.020461	0.0282795	0.0310865	
8933	4096	8932.25	-8.34208e-05	0.00986336	-0.0328928	-0.0281607	-0.0194403	-0.0100868	-0.000225731	0.00979724	0.0201973	0.0284879	0.031093	
9329	4096	9328.03	-0.000103573	0.00966469	-0.0312098	-0.027452	-0.0190988	-0.00978851	-8.55655e-05	0.00969928	0.0194403	0.0276926	0.0327286	
9742	4096	9741.11	-9.13973e-05	0.00946495	-0.0319126	-0.0268634	-0.0189248	-0.00964738	-0.000283885	0.00969735	0.0193	0.0269093	0.032031	
10173	4096	10172.4	-5.40776e-05	0.00923312	-0.0312555	-0.0251193	-0.0182041	-0.00934281	-0.000129779	0.00913785	0.0186057	0.0269892	0.0316073	
10624	4096	10623.2	-7.68162e-05	0.00898524	-0.0302692	-0.0244915	-0.0178154	-0.00912096	-0.000248537	0.00900615	0.0181799	0.0259823	0.0302792	
11094	4096	11093.6	-3.27196e-05	0.00882322	-0.0282612	-0.0244841	-0.017233	-0.0090292	-0.000112297	0.00884486	0.0178315	0.0263437	0.0296514	
11585	4096	11584.6	-3.65524e-05	0.00862816	-0.0286491	-0.0236869	-0.0169646	-0.00879704	-0.000151569	0.00866468	0.0174431	0.0261978	0.0281695	
12098	4096	12097.8	-1.63212e-05	0.0084819	-0.0273293	-0.0234615	-0.016601	-0.0085635	-0.000206472	0.00851246	0.0173762	0.0253085	0.0267672	
12634	4096	12633.7	-2.26841e-05	0.00831249	-0.0251909	-0.0233493	-0.0163063	-0.00834468	-0.000254649	0.0083022	0.0170793	0.0247545	0.027227	
13193	4096	13192.9	-9.8233e-06	0.00820449	-0.0261663	-0.0242854	-0.016084	-0.00813492	-0.000249748	0.00814028	0.016757	0.0249608	0.0281783	
13777	4096	13777	6.36856e-07	0.00800487	-0.0272664	-0.0227667	-0.0162877	-0.00789076	-0.000136982	0.00790376	0.016255	0.0233414	0.030247	
14387	4096	14384.6	-0.000164443	0.0106451	-0.0414456	-0.0360826	-0.0220458	-0.0100278	-0.000239256	0.00962297	0.0213809	0.0369509	0.0477604	
15024	4096	15023.4	-3.94476e-05	0.0131641	-0.0420628	-0.038443	-0.0252662	-0.0133888	-0.000258257	0.0133223	0.0269414	0.0407803	0.0503604	
15689	4096	15689.6	4.13762e-05	0.0129148	-0.0434897	-0.0369443	-0.0249098	-0.0130628	-0.000244341	0.0131821	0.0263925	0.0382373	0.0471369	
16384	4096	16384.5	3.04634e-05	0.0126	-0.0461395	-0.0364885	-0.0241191	-0.0127036	-0.000198472	0.0126774	0.0256642	0.038172	0.0459715	
17109	4096	17109.7	4.25406e-05	0.0123064	-0.0449415	-0.0357844	-0.0235095	-0.0125016	-9.73234e-05	0.0123249	0.0250425	0.0364381	0.0474414	
17867	4096	17868.7	9.76298e-05	0.012048	-0.0433511	-0.0350768	-0.0229688	-0.0120204	-0.000123098	0.0123037	0.0243121	0.0354932	0.0432362	
18658	4096	18659.7	8.93557e-05	0.0118481	-0.0405245	-0.0353916	-0.0229292	-0.0118553	-0.000132585	0.0121804	0.0242011	0.0362928	0.0414458	
19484	4096	19484.7	3.58248e-05	0.0115442	-0.0413799	-0.0348628	-0.0228738	-0.0117329	-3.61003e-05	0.0116202	0.0235412	0.0357842	0.0442063	
20347	4096	20348.6	7.94668e-05	0.0113658	-0.0399457	-0.0335809	-0.022799	-0.0114414	7.2926e-05	0.0113729	0.0232226	0.034494	0.0414755	
21247	4096	21249	9.51729e-05	0.0110565	-0.0390743	-0.0313462	-0.0219861	-0.0110695	-7.42689e-06	0.0108873	0.0221558	0.0340253	0.039225	
22188	4096	22189.8	8.28486e-05	0.0108008	-0.038863	-0.0320619	-0.0211591	-0.0107495	0.000173678	0.0110966	0.0218307	0.0331869	0.0395304	
23170	4096	23172.7	0.000116544	0.0105941	-0.0370033	-0.0306745	-0.0207164	-0.0103504	0.00016055	0.010643	0.0214052	0.0315252	0.0386029	
24196	4096	24198.5	0.000102349	0.0103619	-0.0337553	-0.0289664	-0.0206045	-0.0101997	4.80777e-05	0.0104491	0.0207559	0.0319601	0.0388352	
25268	4096	25271.6	0.000142699	0.0101926	-0.0326302	-0.0279551	-0.0201308	-0.0101898	0.000210224	0.0103491	0.0204057	0.0313436	0.0382051	
26386	4096	26387.9	7.19432e-05	0.0100459	-0.0356094	-0.0286376	-0.0195563	-0.0101224	0.000154912	0.0103186	0.0201331	0.0307557	0.0377916	
27554	4096	27551.8	-7.9988e-05	0.0138679	-0.0425875	-0.0394347	-0.0274477	-0.0140391	-0.00035604	0.0138674	0.0291434	0.0438094	0.0496022	
28774	4096	28772.9	-3.82349e-05	0.0137435	-0.0433108	-0.03962	-0.0268328	-0.0137533	-0.000217204	0.0139055	0.0280243	0.0440192	0.0499466	
30048	4096	30044.6	-0.000113695	0.0134217	-0.0423558	-0.037982	-0.0259797	-0.0135322	-0.00027338	0.0133256	0.0280182	0.0421295	0.0490729	
31379	4096	31375.7	-0.000103759	0.0130966	-0.0394246	-0.0361986	-0.0250979	-0.0131802	-0.000331305	0.0128199	0.0272954	0.0417195	0.0478849	
32768	4096	32764.6	-0.000102518	0.0127711	-0.0387817	-0.0361577	-0.0252365	-0.0130126	-0.000582128	0.0127736	0.0267838	0.0400412	0.0449887	
34219	4096	34216.7	-6.64991e-05	0.0124701	-0.0369394	-0.0352927	-0.0248877	-0.0126986	-0.000299409	0.0124894	0.0254676	0.0392541	0.0458881	
35734	4096	35731.7	-6.35401e-05	0.0122046	-0.0392358	-0.0354058	-0.0242245	-0.0123584	-0.000180031	0.0121441	0.0248359	0.0385641	0.0476346	
37316	4096	37314.8	-3.25107e-05	0.0119649	-0.0341463	-0.0328744	-0.0239417	-0.0120213	-0.000366947	0.0119766	0.0241236	0.035824	0.0485272	
38968	4096	38967	-2.61897e-05	0.0117226	-0.0345133	-0.033639	-0.0234195	-0.0118896	-0.000152461	0.0117716	0.0237964	0.0354862	0.0476912	
40693	4096	40693.3	6.38546e-06	0.0114699	-0.0370558	-0.0322194	-0.0227192	-0.0112198	-0.000142413	0.011694	0.0233568	0.0353625	0.0442803	
42495	4096	42495.4	8.71603e-06	0.0112277	-0.0364088	-0.0328291	-0.0222074	-0.0111072	-0.000265274	0.0114817	0.0226646	0.0348298	0.043018	
44376	4096	44377.1	2.38023e-05	0.0109801	-0.036034	-0.0325582	-0.0216609	-0.0108135	-6.29194e-05	0.01102	0.021828	0.0336275	0.0473242	
46341	4096	46344.6	7.6857e-05	0.0106905	-0.0360152	-0.0305914	-0.0208793	-0.0106192	1.64425e-05	0.0107284	0.0219614	0.0327573	0.042227	
48393	4096	48395.8	5.76257e-05	0.0104737	-0.0359591	-0.0307078	-0.0204301	-0.0104209	7.06846e-05	0.0106049	0.0210802	0.0334809	0.0438071	
50535	4096	50537.4	4.83107e-05	0.0123511	-0.044274	-0.0377411	-0.0245425	-0.011873	-8.0715e-05	0.0119536	0.0248522	0.0441267	0.0520511	
52773	4096	52778.2	9.78114e-05	0.014289	-0.0486344	-0.043937	-0.0276391	-0.0139179	-9.0008e-05	0.0140756	0.0284694	0.0450541	0.0512905	
55109	4096	55117.9	0.000162238	0.0140858	-0.0485097	-0.0393615	-0.0277269	-0.0136454	0.000199375	0.0139146	0.0288879	0.0445044	0.0503658	
57549	4096	57557.3	0.000143984	0.013788	-0.0460695	-0.0400851	-0.027537	-0.0135361	0.000116739	0.0139066	0.0286029	0.0432269	0.0496154	
60097	4096	60109.3	0.000205444	0.0135185	-0.0446964	-0.0403977	-0.0268474	-0.0132791	0.000126927	0.0135318	0.028623	0.0408017	0.0490389	
62757	4096	62766.1	0.000145084	0.0132913	-0.0417933	-0.0374442	-0.0262352	-0.0131872	0.000140625	0.0131453	0.0277353	0.0410695	0.0519991	
65536	4096	65545.1	0.000139613	0.0129878	-0.0472847	-0.0383248	-0.0258332	-0.012631	0.000152118	0.0129563	0.0270496	0.0397162	0.0518162	
68438	4096	68449.5	0.000167321	0.0127147	-0.0457653	-0.0378514	-0.0250352	-0.0124925	0.000163049	0.0125699	0.0263371	0.0384679	0.0554305	
71468	4096	71476.4	0.000117065	0.0123895	-0.0457493	-0.0360265	-0.025039	-0.0119837	7.19134e-05	0.0124191	0.0263787	0.0365432	0.0550438	
74632	4096	74642.8	0.000144601	0.0121492	-0.0452242	-0.0364504	-0.0242496	-0.0118592	0.000189557	0.0122558	0.0247928	0.0368627	0.0533151	
77936	4096	77953.4	0.000222727	0.0119736	-0.0447847	-0.0355406	-0.0239917	-0.0116738	0.000183935	0.0118197	0.0247141	0.0366317	0.0487993	
81386	4096	81395.8	0.000121012	0.0117614	-0.0407059	-0.0355245	-0.0236045	-0.011247	1.85438e-05	0.0115796	0.0240245	0.0356035	0.0513639	
84990	4096	84995.8	6.81994e-05	0.0115344	-0.0383624	-0.0356594	-0.0229699	-0.0112725	-7.76291e-05	0.0112726	0.0238189	0.0344327	0.0493766	
88752	4096	88756.8	5.41601e-05	0.0112889	-0.0370224	-0.0340774	-0.0223505	-0.0110092	-0.000125715	0.0112102	0.0233644	0.0362138	0.0480169	
92682	4096	92673.7	-8.95943e-05	0.0114606	-0.0428948	-0.0370778	-0.0231785	-0.0110225	-0.000290305	0.0113219	0.0242578	0.037344	0.042702	
96785	4096	96766.1	-0.000195609	0.0146806	-0.0532951	-0.0441508	-0.0301861	-0.0148465	-0.000150884	0.0143491	0.0302635	0.0438323	0.0468843	
101070	4096	101042	-0.000273602	0.0149319	-0.0479157	-0.0432784	-0.0301508	-0.0152001	-0.000168416	0.0145834	0.0297865	0.0434495	0.0492832	
105545	4096	105525	-0.000186722	0.0145906	-0.04467	-0.0413242	-0.0294739	-0.014561	-0.000226317	0.014491	0.0293791	0.0410157	0.0509813	
110218	4096	110195	-0.000210502	0.0142745	-0.0467121	-0.0422454	-0.0289312	-0.0144945	-0.000217683	0.0140743	0.0290513	0.0401517	0.0535839	
115098	4096	115072	-0.000228457	0.0139642	-0.0474067	-0.0409943	-0.0280075	-0.0139704	-0.000368333	0.0138707	0.02791	0.0406714	0.0512665	
120194	4096	120174	-0.000166523	0.0137028	-0.0436677	-0.0393873	-0.0270251	-0.013715	-0.000362677	0.0138804	0.0273077	0.0395777	0.0520116	
125515	4096	125496	-0.000154101	0.0134533	-0.0419422	-0.0386254	-0.027184	-0.0133281	-0.000351501	0.0134336	0.0270891	0.0390342	0.0496201	
131072	4096	131052	-0.000153083	0.0131842	-0.0412436	-0.0396158	-0.0264885	-0.0131555	-0.000283763	0.0129817	0.0262544	0.0401939	0.0468654	
136875	4096	136858	-0.000125386	0.0129428	-0.0408504	-0.037346	-0.026243	-0.0130198	-0.000207465	0.0128095	0.026084	0.0391318	0.049352	
142935	4096	142922	-9.02188e-05	0.0126829	-0.0389218	-0.0363265	-0.0258363	-0.0127019	-0.000102196	0.0125552	0.0253526	0.0376078	0.0535678	
149263	4096	149243	-0.000134936	0.0124202	-0.041354	-0.0367913	-0.0249017	-0.0124966	-0.000249177	0.0123037	0.0241377	0.0370408	0.0506325	
155872	4096	155846	-0.00016613	0.0121325	-0.0410383	-0.0364173	-0.0244631	-0.0122869	-0.00011331	0.0119535	0.0237281	0.0354912	0.0457191	
162773	4096	162735	-0.000231538	0.0118836	-0.0463646	-0.0362045	-0.0236429	-0.0121246	-0.000307358	0.0116925	0.0233231	0.0340377	0.0462681	
169979	4096	169941	-0.000223038	0.0116631	-0.0431643	-0.0359085	-0.0231469	-0.0118257	-0.000229434	0.0112764	0.0228561	0.0358873	0.0477552	
177505	4096	177466	-0.000221714	0.0132673	-0.0473373	-0.0425254	-0.0270954	-0.0132122	-0.000367346	0.0129045	0.0270598	0.0416633	0.0472755	
185364	4096	185309	-0.000298949	0.0150455	-0.0480251	-0.0431689	-0.0303001	-0.0152018	-0.000536141	0.0152058	0.0301822	0.0469611	0.0541241	
193571	4096	193516	-0.000284324	0.0148386	-0.0473419	-0.0421895	-0.0295856	-0.0150324	-0.000810839	0.0150637	0.0293734	0.0438695	0.0523197	
202141	4096	202092	-0.000244158	0.0144587	-0.0444123	-0.0419203	-0.0283901	-0.014806	-0.000621622	0.0146358	0.0287037	0.0437959	0.0466342	
211090	4096	211055	-0.000166758	0.0141667	-0.0439017	-0.0409029	-0.0278499	-0.0143285	-0.00040547	0.0145217	0.0280811	0.0436422	0.0493621	
220436	4096	220395	-0.000187512	0.0137588	-0.0443774	-0.0400118	-0.0270302	-0.0139696	-0.000488244	0.0139948	0.0274896	0.0395595	0.0489576	
230195	4096	230153	-0.000183761	0.0134671	-0.0465282	-0.0397777	-0.0264728	-0.0136183	-0.000442576	0.0134384	0.0271073	0.0409966	0.0521116	
240387	4096	240345	-0.000172645	0.0131615	-0.0459381	-0.0382722	-0.026138	-0.0133311	-0.000332297	0.0131326	0.0263711	0.0391479	0.0481474	
251030	4096	250993	-0.000145959	0.0128822	-0.0437717	-0.0365113	-0.0256299	-0.0131575	-0.00030061	0.0127801	0.0254886	0.0368304	0.0453701	
262144	4096	262135	-3.5603e-05	0.0125646	-0.0438969	-0.0364526	-0.0249959	-0.0125763	-0.000225253	0.0127451	0.0251306	0.037242	0.0416786	
273750	4096	273755	1.66233e-05	0.0122789	-0.0401329	-0.0355197	-0.0244589	-0.0123099	-4.95496e-05	0.0126461	0.024807	0.0367093	0.0415891	
285870	4096	285858	-4.29777e-05	0.0120634	-0.0398307	-0.0357719	-0.0240669	-0.0122802	-0.00026714	0.0124412	0.0245359	0.0365794	0.0475705	
298527	4096	298498	-9.62815e-05	0.0117873	-0.0412107	-0.0339745	-0.0235084	-0.01188	-0.00027579	0.0119043	0.0234322	0.0351821	0.0459986	
311744	4096	311720	-7.57373e-05	0.0115018	-0.0428968	-0.0327123	-0.0228573	-0.0116649	-0.000147922	0.0115454	0.0229994	0.0345778	0.0422307	
325546	4096	325518	-8.69991e-05	0.0119353	-0.0409734	-0.0349362	-0.0241733	-0.0119563	-0.000286111	0.011884	0.0235741	0.0395379	0.0468299	
339959	4096	339899	-0.000177942	0.0145318	-0.045509	-0.0412289	-0.0293943	-0.0147188	-0.000447315	0.0140653	0.0298129	0.0444691	0.0588137	
355010	4096	354899	-0.000311328	0.0150252	-0.0495008	-0.0444646	-0.0302144	-0.0154737	-0.000469565	0.0142951	0.030866	0.0438252	0.0558179	
370728	4096	370589	-0.000374852	0.0147435	-0.048342	-0.045361	-0.0294309	-0.0152052	-0.000547612	0.0142883	0.0301634	0.0455562	0.0567366	
387141	4096	387009	-0.000340451	0.0144229	-0.0455153	-0.0430315	-0.0295863	-0.0148468	-0.000433759	0.0139344	0.0301924	0.0434262	0.0520244	
404281	4096	404188	-0.000229661	0.0141548	-0.0477473	-0.0423963	-0.0287367	-0.0143563	-0.000252786	0.0137339	0.0297854	0.0436361	0.0479257	
422180	4096	422100	-0.000189796	0.0138806	-0.0467124	-0.0410454	-0.0276768	-0.0140674	-0.00029479	0.0135773	0.0286051	0.0411127	0.0470869	
440872	4096	440796	-0.000172174	0.0135844	-0.0438128	-0.0390704	-0.027023	-0.0137908	-0.000403909	0.0131289	0.0283776	0.041282	0.047101	
460391	4096	460338	-0.000114778	0.013262	-0.0427647	-0.0383905	-0.0263807	-0.0132405	-0.000188522	0.0127448	0.0272906	0.0401388	0.0487769	
480774	4096	480724	-0.000104067	0.0129032	-0.0436391	-0.0361744	-0.0256405	-0.0130013	-0.000197734	0.0125571	0.0266453	0.0388562	0.0505121	
502060	4096	501999	-0.000120639	0.0127005	-0.0437175	-0.0350946	-0.0252404	-0.0127705	-0.000126658	0.0124523	0.0261596	0.0401816	0.0524494	
524288	4096	524217	-0.000136198	0.0124164	-0.0393657	-0.034844	-0.0247141	-0.0125674	-1.16582e-05	0.0120762	0.0252881	0.0380242	0.0515286	
547500	4096	547429	-0.0001303	0.0121526	-0.0422829	-0.0340866	-0.0238745	-0.0124478	-2.96586e-05	0.012094	0.0244675	0.0365878	0.0477135	
571740	4096	571662	-0.000135705	0.0118816	-0.0410478	-0.0331093	-0.0231505	-0.012133	-0.000104127	0.0117804	0.0245361	0.0361621	0.0429227	
597053	4096	596963	-0.000150506	0.0117034	-0.0421523	-0.0345698	-0.0231504	-0.011551	-0.000557283	0.0117143	0.0240224	0.0363078	0.0394588	
623487	4096	623449	-6.14313e-05	0.0131911	-0.0541404	-0.0407775	-0.0263042	-0.0128493	-0.000281295	0.0132536	0.0267306	0.0431864	0.0500821	
651091	4096	651030	-9.31803e-05	0.0149444	-0.0570334	-0.0451261	-0.0295437	-0.014675	-0.00044611	0.015259	0.0301066	0.0451969	0.0548093	
679917	4096	679866	-7.51266e-05	0.0149082	-0.0535092	-0.0460642	-0.0289358	-0.0146523	-0.000517477	0.0152549	0.0301129	0.0457574	0.051327	
710020	4096	709976	-6.17326e-05	0.0145514	-0.0541619	-0.0431062	-0.0284484	-0.0143049	-0.000620464	0.0150786	0.0293406	0.0446543	0.0499876	
741455	4096	741436	-2.53166e-05	0.0141957	-0.0469201	-0.040677	-0.0275621	-0.0141038	-0.000492805	0.014504	0.0288909	0.0447785	0.0496984	
774282	4096	774248	-4.37345e-05	0.0138392	-0.0478895	-0.0409152	-0.0268779	-0.0136273	-0.000665402	0.0139989	0.0280785	0.043759	0.0513961	
808563	4096	808556	-8.90923e-06	0.0135624	-0.0517679	-0.0381196	-0.0267016	-0.0130426	-0.000548867	0.0137454	0.0277806	0.0432079	0.0476743	
844361	4096	844390	3.38294e-05	0.0132538	-0.0500168	-0.0378566	-0.0260528	-0.0129086	-0.000441562	0.0135244	0.0275416	0.0418361	0.0454326	
881744	4096	881783	4.4248e-05	0.0129541	-0.0484164	-0.0364494	-0.0253822	-0.0128278	-0.000225926	0.0129475	0.0268085	0.0390428	0.047894	
920782	4096	920885	0.00011183	0.0126421	-0.047098	-0.0364639	-0.0244521	-0.012481	-0.000199363	0.0128489	0.0260833	0.0392753	0.0454815	
961548	4096	961554	5.81362e-06	0.0123574	-0.0497647	-0.0350864	-0.0233829	-0.0124364	-0.000186027	0.0123706	0.0250487	0.0384569	0.0456565	
1004120	4096	1.0041e+06	-2.18064e-05	0.012051	-0.0439861	-0.0361109	-0.023768	-0.0121451	-0.000306179	0.0120531	0.0244144	0.0384276	0.0422591	
1048576	4096	1.04857e+06	-1.00838e-05	0.0118374	-0.0427483	-0.0361558	-0.0230652	-0.0118174	1.87785e-05	0.011647	0.0242439	0.0360828	0.0415827	
1095000	4096	1.09498e+06	-1.56567e-05	0.0117022	-0.0392414	-0.0366252	-0.0224587	-0.0118252	6.69999e-05	0.0115811	0.0235563	0.0373023	0.0434297	
1143480	4096	1.14336e+06	-0.000109271	0.0122362	-0.045367	-0.0392326	-0.0240867	-0.0121701	-9.37779e-05	0.0119346	0.0242342	0.0410955	0.0539973	
1194106	4096	1.19408e+06	-2.06365e-05	0.0145729	-0.0491244	-0.0407402	-0.0295741	-0.0145102	-0.000185543	0.0144215	0.0298408	0.0479203	0.0564082	
1246974	4096	1.2467e+06	-0.000218295	0.0151443	-0.0596091	-0.0410012	-0.0303949	-0.0152582	-0.000301802	0.0147631	0.030802	0.0470452	0.0552418	
1302182	4096	1.30187e+06	-0.000237804	0.0148501	-0.0595214	-0.0412942	-0.0296166	-0.0148473	-0.000468827	0.0144676	0.0305095	0.0457953	0.0542652	
1359835	4096	1.35954e+06	-0.000217784	0.0145035	-0.0552296	-0.0428059	-0.0285486	-0.0145893	-0.000605263	0.0143904	0.0297202	0.0484082	0.0546169	
1420040	4096	1.41987e+06	-0.000122239	0.014222	-0.0543562	-0.0423933	-0.0282859	-0.0142982	-0.000427354	0.0140945	0.0286044	0.0480383	0.0516669	
1482910	4096	1.4828e+06	-7.60993e-05	0.0139177	-0.0550682	-0.0403157	-0.0268998	-0.0139857	-0.000503908	0.0136966	0.0281742	0.0448548	0.0513787	
1548564	4096	1.54853e+06	-2.50728e-05	0.0136142	-0.046339	-0.0397547	-0.0264521	-0.0138902	-0.000421089	0.0134293	0.0284673	0.0445178	0.0544201	
1617125	4096	1.61713e+06	2.90403e-06	0.0133212	-0.0429582	-0.0381288	-0.0259899	-0.0131997	-0.00033164	0.0132312	0.0272793	0.0448115	0.047245	
1688722	4096	1.68869e+06	-1.80862e-05	0.0130295	-0.0415785	-0.0379544	-0.025522	-0.0127162	-0.000281084	0.0132209	0.0270483	0.041289	0.0445326	
1763488	4096	1.76348e+06	-4.11568e-06	0.0128006	-0.0425064	-0.0375946	-0.0251413	-0.0125616	-0.000267875	0.0128078	0.026669	0.040507	0.0437819	
1841564	4096	1.84157e+06	1.64402e-06	0.0125126	-0.0416217	-0.036679	-0.0246715	-0.0123744	-0.000346904	0.0124413	0.0263631	0.0400724	0.0431232	
1923097	4096	1.92305e+06	-2.66702e-05	0.0122755	-0.0393786	-0.0345229	-0.0244325	-0.0121901	-0.000318647	0.012161	0.0254413	0.0387811	0.042219	
2008240	4096	2.00826e+06	9.76887e-06	0.0120236	-0.0389401	-0.033514	-0.0234894	-0.0119842	-0.000207797	0.0119475	0.0247793	0.0405566	0.0457012	
2097152	4096	2.09718e+06	1.46153e-05	0.0121081	-0.0389489	-0.0319352	-0.0239718	-0.0121765	-0.000226306	0.0118057	0.0250832	0.0441545	0.0540135	
2190001	4096	2.18985e+06	-7.0507e-05	0.0134553	-0.0482954	-0.0452429	-0.0265844	-0.0134263	-0.000134111	0.0130031	0.0276086	0.0455441	0.0565453	
2286960	4096	2.28632e+06	-0.00027932	0.0148812	-0.0497073	-0.0452475	-0.0291318	-0.0154921	-0.000290207	0.0143204	0.0302535	0.0467937	0.0503684	
2388213	4096	2.38768e+06	-0.000222302	0.0149609	-0.0538821	-0.0467584	-0.029749	-0.0153156	-0.00017258	0.0145355	0.0301863	0.0453575	0.0509164	
2493948	4096	2.49356e+06	-0.000154221	0.0146973	-0.0506175	-0.0452926	-0.0288473	-0.0151676	-0.000153628	0.0143804	0.0289538	0.045141	0.0469874	
2604365	4096	2.60398e+06	-0.000147876	0.0144571	-0.0533227	-0.0435763	-0.0284942	-0.0147449	-0.000280998	0.0142229	0.0291741	0.0449498	0.0496143	
2719670	4096	2.71923e+06	-0.000161422	0.0141683	-0.0533569	-0.0431709	-0.0278811	-0.0143005	-0.000251006	0.0139068	0.0285093	0.0418816	0.0488116	
2840080	4096	2.83964e+06	-0.000154774	0.0138729	-0.0539263	-0.0440614	-0.0273347	-0.0142636	-6.06583e-05	0.0137569	0.0279941	0.0441683	0.0490476	
2965821	4096	2.96554e+06	-9.36169e-05	0.0135765	-0.0524344	-0.0408876	-0.0260358	-0.0137426	-4.29074e-05	0.0133412	0.0269457	0.0438382	0.048471	
3097129	4096	3.09679e+06	-0.000108811	0.0132369	-0.0518804	-0.03983	-0.0261401	-0.0132014	1.39527e-05	0.0131017	0.0263084	0.0432222	0.0470002	
3234251	4096	3.23404e+06	-6.39456e-05	0.0130156	-0.0523954	-0.0373005	-0.0258882	-0.0130004	-0.000182764	0.0129936	0.0265364	0.0423664	0.0463081	
3377443	4096	3.37711e+06	-9.94868e-05	0.0126758	-0.0482103	-0.0383462	-0.0252402	-0.0125192	-0.000461442	0.0125962	0.0259392	0.0406308	0.043209	
3526975	4096	3.52652e+06	-0.000129145	0.012327	-0.0449902	-0.0363408	-0.0240727	-0.0124783	-0.000327313	0.0120378	0.0250983	0.0386985	0.0433863	
3683128	4096	3.68243e+06	-0.000190047	0.0120677	-0.042109	-0.0340865	-0.0243198	-0.012134	-0.000316068	0.0118863	0.0245313	0.0396573	0.0442596	
3846194	4096	3.84542e+06	-0.000202017	0.0118685	-0.0394701	-0.0327366	-0.0239669	-0.0120101	-0.000297597	0.0113876	0.0239031	0.0400772	0.047038	
4016479	4096	4.01611e+06	-9.22861e-05	0.0125608	-0.0451893	-0.0373038	-0.0248069	-0.0126401	-0.000223895	0.01196	0.0255942	0.04055	0.0476554	
4194304	4096	4.1938e+06	-0.000120051	0.0143955	-0.0512289	-0.0431443	-0.0277358	-0.0143503	-0.000399349	0.0141538	0.030187	0.0445468	0.0476375	
4380002	4096	4.37982e+06	-4.23497e-05	0.0150703	-0.0499813	-0.0445721	-0.028972	-0.0151839	-0.000228432	0.015307	0.0312897	0.0442392	0.0620287	
4573921	4096	4.57333e+06	-0.000128454	0.0148534	-0.0478809	-0.0421543	-0.0284518	-0.0150405	-0.000432685	0.0147638	0.0306905	0.0448082	0.0616476	
4776426	4096	4.77609e+06	-7.02568e-05	0.0145381	-0.0499583	-0.0438775	-0.0280892	-0.0146145	-0.000308505	0.0144152	0.0302451	0.0440984	0.0623778	
4987896	4096	4.98743e+06	-9.27817e-05	0.0142036	-0.0515451	-0.0414755	-0.0270491	-0.0144797	-0.000236107	0.0140331	0.0294815	0.0412719	0.059157	
5208729	4096	5.20841e+06	-6.10303e-05	0.013894	-0.054899	-0.0405828	-0.0272712	-0.0135714	-0.000346535	0.014176	0.0283565	0.0410887	0.0574612	
5439339	4096	5.43949e+06	2.79978e-05	0.0135981	-0.0487135	-0.0413156	-0.0266027	-0.0133496	-0.00019955	0.013981	0.0276762	0.0399452	0.0594202	
5680159	4096	5.68027e+06	1.9252e-05	0.0133867	-0.0489775	-0.038608	-0.0257428	-0.0133186	-0.000277348	0.0135063	0.0279926	0.042849	0.0577967	
5931642	4096	5.93177e+06	2.1957e-05	0.0130649	-0.0482861	-0.0376379	-0.0251731	-0.0128077	-0.000321581	0.0132404	0.0273424	0.0415511	0.0581923	
6194258	4096	6.19456e+06	4.91791e-05	0.0127023	-0.0483444	-0.0369003	-0.0242567	-0.0126364	-0.000253683	0.0127527	0.0264255	0.04134	0.0599162	
6468501	4096	6.46887e+06	5.63721e-05	0.0124176	-0.0471405	-0.0375305	-0.0238505	-0.0122519	-0.000222316	0.0122554	0.0265645	0.0391041	0.057856	
6754886	4096	6.75509e+06	2.99225e-05	0.012135	-0.0481981	-0.0370416	-0.0233459	-0.0119674	-0.000290425	0.0117091	0.025431	0.0372032	0.0583872	
7053950	4096	7.05456e+06	8.66373e-05	0.0118858	-0.0430003	-0.0351051	-0.0228494	-0.011693	-0.000146333	0.0117431	0.025457	0.0368121	0.0571311	
7366255	4096	7.3673e+06	0.000142274	0.0120338	-0.0511638	-0.0367848	-0.0233995	-0.0117213	-8.21374e-05	0.0120864	0.0256527	0.0384592	0.0569753	
7692387	4096	7.6932e+06	0.000106296	0.0135025	-0.0497106	-0.0440736	-0.0256344	-0.0130417	-0.000264095	0.0133332	0.0279467	0.0461739	0.0559543	
8032959	4096	8.03307e+06	1.41187e-05	0.0149173	-0.0511822	-0.0457	-0.0288137	-0.0146396	-0.000467664	0.0147518	0.0311439	0.0460065	0.056894	
8388608	4096	8.38904e+06	5.15819e-05	0.0150803	-0.0519332	-0.0441601	-0.0287355	-0.0149619	-0.000272087	0.015009	0.0312824	0.0464199	0.0609862	
8760003	4096	8.76077e+06	8.80764e-05	0.0147714	-0.0520749	-0.0415314	-0.0286651	-0.0148361	-4.89662e-05	0.0148455	0.0299038	0.0453333	0.057295	
9147842	4096	9.14813e+06	3.16427e-05	0.0144528	-0.0536992	-0.041194	-0.0278479	-0.0146789	-8.86885e-05	0.0143385	0.0296893	0.047188	0.0554984	
9552851	4096	9.55317e+06	3.31842e-05	0.0141073	-0.0482593	-0.0407922	-0.0270778	-0.014293	-8.10463e-05	0.014119	0.0291866	0.0441997	0.0536813	
9975792	4096	9.97655e+06	7.58153e-05	0.0138996	-0.0476724	-0.0395433	-0.0268591	-0.0140667	-7.19535e-05	0.013907	0.0287532	0.0441765	0.049372	
10417458	4096	1.04185e+07	0.000102181	0.0135719	-0.0458607	-0.0386025	-0.0260713	-0.0137206	7.82139e-05	0.0133296	0.027926	0.0439254	0.0486217	
10878679	4096	1.08788e+07	1.19087e-05	0.0132949	-0.0477832	-0.0374839	-0.0258476	-0.013572	-0.000159868	0.0131778	0.0271655	0.0435548	0.0496774	
11360319	4096	1.13605e+07	1.74571e-05	0.0129684	-0.044578	-0.0366277	-0.024635	-0.0132932	-0.00015295	0.0128503	0.026765	0.0422218	0.0473295	
11863283	4096	1.18635e+07	2.164e-05	0.0126931	-0.0442207	-0.036784	-0.0248682	-0.0130179	-3.30901e-05	0.0127855	0.0265555	0.0404489	0.0483009	
12388516	4096	1.23882e+07	-2.36442e-05	0.0123933	-0.0432452	-0.0368	-0.0238353	-0.0126252	-1.55308e-05	0.012629	0.0256398	0.0389118	0.0437508	
12937002	4096	1.29369e+07	-7.22461e-06	0.0120948	-0.0386855	-0.033087	-0.0232074	-0.0122771	-0.000210436	0.0121205	0.0249863	0.0389821	0.0421147	
13509772	4096	1.351e+07	1.56563e-05	0.0118977	-0.048983	-0.0329594	-0.0223679	-0.012111	-0.000219014	0.0119426	0.0245824	0.0371366	0.0413776	
14107901	4096	1.41069e+07	-7.17551e-05	0.0125295	-0.0466617	-0.0384248	-0.0236773	-0.0127638	-0.000375077	0.0128489	0.0264888	0.0377573	0.0461979	
14732511	4096	1.47335e+07	6.61877e-05	0.0144628	-0.0506607	-0.0430582	-0.0275918	-0.0141933	-0.000212558	0.0143112	0.0295414	0.0489988	0.0594164	
15384775	4096	1.53849e+07	1.08833e-05	0.0152466	-0.0514714	-0.0450911	-0.029973	-0.0152712	-2.16987e-05	0.0150971	0.0306354	0.0469026	0.0511343	
16065917	4096	1.60669e+07	6.41866e-05	0.0151138	-0.0485654	-0.0441878	-0.0296067	-0.0149833	0.000228645	0.0149807	0.0307672	0.0473164	0.0511531	
16777216	4096	1.67778e+07	3.69585e-05	0.0146604	-0.0515453	-0.0442487	-0.0293536	-0.0147921	-3.21978e-05	0.0147226	0.0300406	0.0460932	0.0507419	
17520007	4096	1.75191e+07	-5.28292e-05	0.0143291	-0.0491861	-0.0427709	-0.0287106	-0.0145334	-0.00017535	0.0142088	0.029669	0.0444399	0.0497322	
18295684	4096	1.82944e+07	-7.05662e-05	0.0139877	-0.0520428	-0.0422569	-0.0280286	-0.0141123	0.000201984	0.0136925	0.0289044	0.0413123	0.0476344	
19105703	4096	1.9104e+07	-8.88018e-05	0.0137143	-0.0464583	-0.0428154	-0.0277493	-0.0136308	-4.20305e-05	0.0132725	0.0285096	0.0427743	0.0476407	
19951585	4096	1.99485e+07	-0.000154994	0.0133893	-0.0463157	-0.040836	-0.0268023	-0.0138728	-1.06507e-05	0.0129804	0.0272898	0.0421245	0.0472387	
20834917	4096	2.08305e+07	-0.000210674	0.0131552	-0.0452986	-0.0413552	-0.0266681	-0.0133995	-0.00014289	0.0126966	0.0269385	0.0407713	0.0471225	
21757357	4096	2.17547e+07	-0.000122528	0.0128929	-0.047863	-0.0385538	-0.0257633	-0.013138	2.43504e-05	0.0123131	0.0258756	0.0398483	0.0472177	
22720638	4096	2.27173e+07	-0.000144984	0.012617	-0.0492986	-0.0383089	-0.0253451	-0.0129544	-7.70173e-06	0.012338	0.0255468	0.0370558	0.0446032	
23726566	4096	2.3723e+07	-0.000148849	0.012309	-0.0517391	-0.0359704	-0.0248826	-0.0124597	-0.000134201	0.0117367	0.0248934	0.0356182	0.0456632	
24777031	4096	2.47728e+07	-0.000170398	0.0120871	-0.0496614	-0.0365283	-0.0251386	-0.0122249	-3.29355e-05	0.011682	0.0242707	0.0364672	0.0433126	
25874004	4096	2.58671e+07	-0.000266287	0.012263	-0.0499726	-0.0377698	-0.0254916	-0.012289	-0.000221818	0.0119178	0.0244684	0.0357941	0.0463982	
27019544	4096	2.70076e+07	-0.000443359	0.0135586	-0.0527298	-0.0439434	-0.0273706	-0.0140019	-0.000173707	0.0125126	0.0276964	0.0448305	0.0503974	
28215802	4096	2.82047e+07	-0.000391754	0.0147411	-0.0579208	-0.0455946	-0.029648	-0.0150282	-0.00047792	0.0143373	0.0294579	0.0451905	0.0480298	
29465022	4096	2.94528e+07	-0.000416293	0.0150403	-0.0596912	-0.0454587	-0.0294658	-0.0152921	-0.000734684	0.0146571	0.0292594	0.0453236	0.0487306	
30769550	4096	3.07581e+07	-0.000370923	0.0147508	-0.0529789	-0.0454356	-0.0285744	-0.0149149	-0.000604982	0.0143069	0.0292341	0.0455994	0.0507472	
32131834	4096	3.21236e+07	-0.000255746	0.0145112	-0.0553976	-0.0475404	-0.028363	-0.0145143	-0.000373095	0.0142065	0.0293525	0.0446254	0.0499468	
33554432	4096	3.35432e+07	-0.000333594	0.0142172	-0.0515231	-0.0462377	-0.0276875	-0.0145537	-0.000526418	0.013864	0.0286215	0.0415364	0.0499068	
35040014	4096	3.50267e+07	-0.000381021	0.0138062	-0.0517757	-0.044517	-0.0270022	-0.0140974	-0.000522755	0.0135288	0.0274478	0.0381636	0.0450453	
36591368	4096	3.6578e+07	-0.000366641	0.0134541	-0.0501993	-0.0411994	-0.0265962	-0.0140753	-0.000472668	0.0131187	0.0270729	0.0372965	0.0449601	
38211406	4096	3.81989e+07	-0.000327851	0.0131641	-0.049399	-0.041103	-0.0256631	-0.0139522	-0.000347389	0.012796	0.0267837	0.0365224	0.0502609	
39903169	4096	3.98919e+07	-0.000282928	0.0128543	-0.0493566	-0.0390136	-0.0252592	-0.0134421	-0.000328423	0.0124293	0.0258904	0.0381001	0.0437337	
41669834	4096	4.16582e+07	-0.00027998	0.0126026	-0.0450204	-0.0363815	-0.0247784	-0.013153	-0.000205439	0.0121235	0.0254676	0.0377143	0.0425196	
43514715	4096	4.35026e+07	-0.000279445	0.0124219	-0.0433824	-0.03587	-0.0244941	-0.0130355	-0.000338275	0.0121463	0.0248383	0.0377807	0.0434552	
45441276	4096	4.54306e+07	-0.000233917	0.0121416	-0.0449396	-0.034803	-0.0240037	-0.012494	-0.00015103	0.0118885	0.0238724	0.036288	0.0429477	
47453133	4096	4.7444e+07	-0.000193102	0.011965	-0.0420857	-0.034382	-0.0236076	-0.0124724	-0.000139048	0.0118634	0.0241199	0.0374535	0.0395129	
49554062	4096	4.95418e+07	-0.000246986	0.0124126	-0.0473692	-0.0346896	-0.024783	-0.0128722	-0.000218434	0.0121354	0.0250952	0.0369098	0.0401618	
51748008	4096	5.17334e+07	-0.000282474	0.0140839	-0.0547584	-0.0455173	-0.0293642	-0.0142203	-0.000200287	0.0136863	0.0289697	0.0406512	0.0518934	
54039088	4096	5.40268e+07	-0.000228058	0.0150214	-0.0589487	-0.0451471	-0.0294105	-0.0153171	-0.000362192	0.0147424	0.0304848	0.0463158	0.070088	
56431603	4096	5.64213e+07	-0.000181925	0.0149092	-0.0513623	-0.0427638	-0.0291799	-0.0154795	-0.000174093	0.0148523	0.0297242	0.043584	0.0653075	
58930044	4096	5.89164e+07	-0.000230752	0.014611	-0.0520936	-0.0439295	-0.028417	-0.015089	-0.000423666	0.0144959	0.0287456	0.042846	0.0592375	
61539100	4096	6.15241e+07	-0.000243209	0.0142364	-0.0525583	-0.0434016	-0.0273024	-0.0148236	-0.0004339	0.0141587	0.0274117	0.0421973	0.0598679	
64263668	4096	6.42456e+07	-0.000280737	0.0139351	-0.049201	-0.0442879	-0.0268952	-0.0143142	-0.000522629	0.0139245	0.0274729	0.0410849	0.0589602	
67108864	4096	6.70892e+07	-0.000293334	0.0136516	-0.0483568	-0.040834	-0.0267283	-0.0141827	-0.000454972	0.0137532	0.026899	0.0394957	0.0568267	
70080027	4096	7.00635e+07	-0.00023619	0.0133725	-0.0479516	-0.0388125	-0.0262389	-0.0138641	-0.000473644	0.0132251	0.0262016	0.0398799	0.0543164	
73182735	4096	7.31671e+07	-0.000213191	0.0131458	-0.0444735	-0.0381763	-0.0254304	-0.0135182	-0.000460586	0.0131883	0.0262212	0.038426	0.0563789	
76422812	4096	7.64037e+07	-0.00024946	0.012851	-0.0413586	-0.0383982	-0.0250692	-0.0132189	-0.000450044	0.0126114	0.0259838	0.0380272	0.056195	
79806339	4096	7.97842e+07	-0.000277835	0.0126127	-0.0424885	-0.0364999	-0.024659	-0.012918	-0.000637039	0.0124089	0.0256301	0.0393992	0.0536214	
83339667	4096	8.33143e+07	-0.000304237	0.0122873	-0.0439983	-0.0352189	-0.0240541	-0.0125423	-0.000703693	0.012236	0.0249572	0.0379117	0.0563192	
87029429	4096	8.69971e+07	-0.000371689	0.0120075	-0.0452544	-0.0327773	-0.0234529	-0.0125045	-0.00089488	0.0118894	0.0240445	0.0371918	0.05225	
90882551	4096	9.08496e+07	-0.000362605	0.0122644	-0.0444805	-0.034228	-0.0242473	-0.0127228	-0.000701149	0.012071	0.0242109	0.0393008	0.0521123	
94906266	4096	9.48765e+07	-0.000313754	0.0134719	-0.0515008	-0.0401257	-0.0267403	-0.0137762	-0.000514354	0.0129813	0.02776	0.0406917	0.0495426	
99108125	4096	9.90848e+07	-0.000235038	0.0146455	-0.0580746	-0.0439255	-0.0289526	-0.0148037	-0.000605313	0.0146112	0.0301087	0.044385	0.0477844	
103496017	4096	1.03466e+08	-0.000289344	0.0149541	-0.0524408	-0.0451808	-0.0295731	-0.0152663	-0.000547318	0.014748	0.0304429	0.043864	0.0477368	
108078177	4096	1.08041e+08	-0.000344657	0.0146988	-0.0502306	-0.043152	-0.0288281	-0.0148503	-0.000496843	0.0146588	0.0295125	0.044039	0.0482719	
112863206	4096	1.12836e+08	-0.000238088	0.0144276	-0.0491112	-0.0429945	-0.0276185	-0.0144933	-0.000674458	0.0143861	0.0290002	0.0422117	0.0440508	
117860087	4096	1.17827e+08	-0.000284585	0.0140696	-0.0522166	-0.0429587	-0.0269863	-0.0143774	-0.000595574	0.0139538	0.0281908	0.0410894	0.0470054	
123078199	4096	1.23048e+08	-0.000242644	0.0137785	-0.0513899	-0.0421372	-0.0272589	-0.0140066	-0.000565441	0.0136514	0.0282271	0.0399923	0.0484858	
128527337	4096	1.28498e+08	-0.000224971	0.0135037	-0.0521527	-0.0395604	-0.0264902	-0.013843	-0.000317096	0.0134618	0.0276751	0.0394137	0.0517454	
134217728	4096	1.34183e+08	-0.000261293	0.0132427	-0.0533199	-0.0390909	-0.0262382	-0.0135672	-0.000282498	0.0129418	0.0272766	0.0370803	0.0497618	
140160054	4096	1.4013e+08	-0.000217125	0.0129674	-0.0516962	-0.0396442	-0.0256405	-0.0133074	-0.000362648	0.0126827	0.0259309	0.037717	0.0479656	
146365470	4096	1.4634e+08	-0.000171255	0.0126873	-0.0485119	-0.0382585	-0.0247794	-0.0129911	-0.00031561	0.0127062	0.0258058	0.0372695	0.0510852	
152845623	4096	1.52805e+08	-0.000268122	0.0123738	-0.0516432	-0.0378777	-0.0243123	-0.012805	-0.000395397	0.0122889	0.0246844	0.0363101	0.0509421	
159612677	4096	1.59569e+08	-0.000271999	0.0121707	-0.0479053	-0.037085	-0.0242223	-0.0123726	-0.000481075	0.0118782	0.0247129	0.036911	0.0473972	
166679334	4096	1.66634e+08	-0.000273154	0.0121363	-0.0434878	-0.0368665	-0.0240854	-0.0122766	-0.000525495	0.0116749	0.0246747	0.0352668	0.0479577	
174058859	4096	1.74025e+08	-0.000193593	0.0127801	-0.0499397	-0.0430622	-0.0257558	-0.0127133	-0.00034626	0.0123454	0.0257836	0.0415877	0.0548832	
181765103	4096	1.81724e+08	-0.000227859	0.0141583	-0.047164	-0.0428578	-0.028085	-0.0142547	-0.000307288	0.0137261	0.0283033	0.0474899	0.056426	
189812531	4096	1.89743e+08	-0.000366156	0.0148522	-0.0463441	-0.0423501	-0.0299857	-0.0154854	-0.000502468	0.0145053	0.029836	0.0461654	0.0538644	
198216250	4096	1.98129e+08	-0.00043977	0.014877	-0.0482795	-0.0423279	-0.0301279	-0.0152447	-0.000470604	0.0145758	0.0300033	0.0442788	0.0548893	
206992033	4096	2.06915e+08	-0.000372249	0.0145646	-0.0468629	-0.0418062	-0.0294967	-0.0147517	-0.000486557	0.0141004	0.0290393	0.0443129	0.051143	
216156353	4096	2.16074e+08	-0.000382663	0.0142784	-0.0468977	-0.0419002	-0.0291157	-0.0144978	-0.000317687	0.0138249	0.028565	0.0421076	0.0504477	
225726413	4096	2.25625e+08	-0.000448313	0.0139831	-0.0486259	-0.0407535	-0.0286913	-0.0143606	-0.000611172	0.0133816	0.0281964	0.0430608	0.0479562	
235720175	4096	2.35606e+08	-0.000483408	0.0136759	-0.0459132	-0.0399108	-0.0280009	-0.0140465	-0.000615076	0.0128254	0.0271778	0.040827	0.0480842	
246156398	4096	2.46042e+08	-0.000464642	0.0133786	-0.0467957	-0.0378608	-0.0275128	-0.0136126	-0.000438782	0.0128135	0.0265025	0.0406793	0.0468127	
257054673	4096	2.56952e+08	-0.000398081	0.0130648	-0.0479151	-0.0367759	-0.0266498	-0.013321	-0.000615509	0.0124716	0.0260573	0.0408533	0.0486653	
268435456	4096	2.68311e+08	-0.000464436	0.0128034	-0.0481145	-0.0396413	-0.0257844	-0.0131634	-0.000683392	0.0124038	0.0258057	0.0385952	0.0458261	
280320109	4096	2.80199e+08	-0.000433099	0.0125465	-0.0461478	-0.0374822	-0.0254978	-0.0128625	-0.000561324	0.0120353	0.025026	0.039799	0.0425044	
292730940	4096	2.92617e+08	-0.000389684	0.0122469	-0.0445527	-0.0382328	-0.0252232	-0.0124855	-0.000373543	0.0117599	0.0246962	0.0381831	0.0411379	
305691246	4096	3.05555e+08	-0.000446018	0.0120116	-0.0429672	-0.0360056	-0.0247689	-0.012307	-0.000489978	0.0115392	0.0237575	0.0376744	0.0404138	
319225354	4096	3.19099e+08	-0.000395562	0.0122721	-0.0406331	-0.0367021	-0.0246523	-0.0125142	-0.000570735	0.0119982	0.0247724	0.0394174	0.0451322	
333358668	4096	3.33306e+08	-0.000158502	0.0134614	-0.0520547	-0.0437473	-0.0261798	-0.0132582	-0.000401446	0.0128213	0.0280667	0.051844	0.0593173	
348117717	4096	3.47991e+08	-0.000364315	0.0144704	-0.0506559	-0.043409	-0.0287125	-0.0149164	-0.000507518	0.0138915	0.0291982	0.0494411	0.0581173	
363530205	4096	3.63379e+08	-0.000417136	0.0147802	-0.0520227	-0.0454009	-0.0295017	-0.0152271	-0.000629047	0.0146556	0.0290527	0.0465914	0.0544572	
379625062	4096	3.79463e+08	-0.000427691	0.0147107	-0.0562493	-0.0466347	-0.0288008	-0.0147693	-0.000797498	0.0143769	0.0282049	0.0474643	0.05209	
396432500	4096	3.96267e+08	-0.000418283	0.0143928	-0.0541232	-0.0447499	-0.028178	-0.0145458	-0.000565504	0.0140519	0.028266	0.0430876	0.0526937	
413984066	4096	4.13795e+08	-0.000456923	0.0141534	-0.0540678	-0.0441302	-0.0277838	-0.014538	-0.000711502	0.0137643	0.0281092	0.0423283	0.055592	
432312707	4096	4.32109e+08	-0.000470269	0.0137756	-0.0538596	-0.0407821	-0.0278828	-0.0141457	-0.000744761	0.0134982	0.0268989	0.0405706	0.0567414	
451452825	4096	4.51229e+08	-0.000495398	0.0135259	-0.0514555	-0.0397947	-0.0268176	-0.0141935	-0.000804777	0.0131633	0.0268193	0.0410337	0.0536608	
471440350	4096	4.71186e+08	-0.000538652	0.0132594	-0.0468675	-0.041551	-0.0259727	-0.0141901	-0.000765194	0.0129055	0.0262264	0.0404088	0.0501904	
492312797	4096	4.92059e+08	-0.000515518	0.0129274	-0.0460048	-0.0384285	-0.0258813	-0.013432	-0.000594118	0.0126322	0.0254695	0.0389107	0.0495612	
514109347	4096	5.13867e+08	-0.000472078	0.0126574	-0.043648	-0.0366384	-0.0250308	-0.0132776	-0.00051632	0.0122737	0.0253079	0.0364055	0.0482425	
536870912	4096	5.36615e+08	-0.000475881	0.0124281	-0.0464969	-0.0363592	-0.0246005	-0.0130542	-0.000585427	0.0120962	0.0245963	0.0381701	0.0417034	
560640218	4096	5.60369e+08	-0.000483928	0.0121422	-0.0436607	-0.0371872	-0.0239595	-0.0125993	-0.000486069	0.0114238	0.0237996	0.0373901	0.0425336	
585461881	4096	5.85211e+08	-0.000428058	0.0119881	-0.0595748	-0.0369606	-0.0235676	-0.012594	-0.000349813	0.0113916	0.0237161	0.0366836	0.0456589	
611382493	4096	6.11118e+08	-0.000432392	0.0127093	-0.0555536	-0.0406714	-0.025876	-0.0130144	-0.000384154	0.0117684	0.0253577	0.0390419	0.0428938	
638450708	4096	6.38222e+08	-0.000357788	0.0139805	-0.0527273	-0.041627	-0.0281901	-0.0142118	-0.000409285	0.0133002	0.0280001	0.0443836	0.0565906	
666717336	4096	6.66485e+08	-0.00034808	0.014749	-0.0480956	-0.0423099	-0.0299792	-0.0149651	-0.000524708	0.0143883	0.0296244	0.0489566	0.0521066	
696235434	4096	6.96037e+08	-0.000285234	0.0147289	-0.0458992	-0.0397079	-0.0291413	-0.0152481	-0.000501505	0.0145847	0.0295491	0.0478169	0.0539444	
727060411	4096	7.26854e+08	-0.000283344	0.0145006	-0.0481748	-0.0438741	-0.0285188	-0.0146762	-0.00054857	0.0142789	0.0294184	0.0464383	0.0524624	
759250125	4096	7.59046e+08	-0.000269403	0.0142059	-0.0458193	-0.0437711	-0.0282232	-0.0144315	-0.000417446	0.0140038	0.0288211	0.0449471	0.0567091	
792865000	4096	7.92654e+08	-0.000265997	0.013926	-0.0472591	-0.0418445	-0.0280927	-0.0141388	-0.000495814	0.0135976	0.0281071	0.0434514	0.0591181	
827968132	4096	8.27807e+08	-0.000194859	0.013608	-0.0514491	-0.0388802	-0.0271629	-0.0138825	-0.000192217	0.0133676	0.0269672	0.0434154	0.0554577	
864625413	4096	8.64477e+08	-0.000172127	0.0133887	-0.0498555	-0.0384195	-0.0260031	-0.0136229	7.9052e-05	0.0131582	0.026639	0.0412602	0.0536217	
902905651	4096	9.02741e+08	-0.000182782	0.0130842	-0.047823	-0.0380111	-0.0250199	-0.0135548	-8.80146e-05	0.0128216	0.0264645	0.0405539	0.0489533	
942880699	4096	9.42685e+08	-0.000207131	0.0128446	-0.0459027	-0.0401939	-0.0249304	-0.0134319	-0.0001378	0.0126546	0.025917	0.0383412	0.0452882	
984625594	4096	9.84347e+08	-0.000283209	0.0125454	-0.0466672	-0.0373457	-0.024801	-0.0132612	-7.40213e-05	0.0123174	0.0254639	0.0381033	0.0481349	
1028218693	4096	1.02795e+09	-0.000259151	0.0122728	-0.0468657	-0.0361933	-0.0239399	-0.0130471	-0.000273356	0.0119664	0.0241935	0.0374107	0.0426154	
1073741824	4096	1.07349e+09	-0.000235015	0.0121291	-0.0470803	-0.0369974	-0.0243693	-0.0127955	-8.63367e-05	0.0118225	0.0235329	0.03607	0.0448069	
1121280436	4096	1.12104e+09	-0.00021614	0.012492	-0.0445641	-0.0383247	-0.0247822	-0.0128981	-0.000192728	0.0120691	0.0250331	0.0396539	0.0500615	
1170923762	4096	1.17073e+09	-0.000167748	0.0136856	-0.0473134	-0.0431174	-0.0267615	-0.014021	-0.000207697	0.0134619	0.0279555	0.0434338	0.0512992	
1222764986	4096	1.22256e+09	-0.00016791	0.0149513	-0.0628227	-0.0438261	-0.0297956	-0.0151593	-0.000348017	0.0145953	0.0308644	0.0433144	0.0509087	
1276901417	4096	1.2767e+09	-0.000158544	0.0153187	-0.0578533	-0.043933	-0.029614	-0.0157739	-0.000278745	0.0152375	0.0311479	0.0473211	0.0528709	
1333434672	4096	1.33325e+09	-0.000135576	0.0151843	-0.0592502	-0.0431787	-0.0291394	-0.0156557	-0.000454839	0.0153424	0.0306947	0.0474564	0.0539526	
1392470869	4096	1.39231e+09	-0.000116206	0.0149039	-0.055811	-0.0452237	-0.0292657	-0.0150363	-0.00038333	0.0151756	0.0300408	0.0429371	0.0503879	
1454120821	4096	1.45389e+09	-0.000156582	0.0145814	-0.0554706	-0.0440715	-0.0292161	-0.0149353	-0.000163497	0.0145022	0.0290714	0.0420284	0.0497009	
1518500250	4096	1.5183e+09	-0.000133914	0.0141881	-0.0545403	-0.0422184	-0.028132	-0.0143686	-0.000463694	0.0139214	0.0289225	0.0426054	0.0522529	
1585730000	4096	1.58549e+09	-0.000152984	0.0138174	-0.0507805	-0.04057	-0.027018	-0.0140942	-0.000361703	0.0137063	0.0281419	0.0421504	0.05132	
1655936265	4096	1.65576e+09	-0.000105159	0.0135332	-0.0466614	-0.0394852	-0.0267854	-0.0138791	-0.00027528	0.0138388	0.0273259	0.0423498	0.0499241	
1729250827	4096	1.72901e+09	-0.000136686	0.0131654	-0.0464948	-0.0385002	-0.0255255	-0.0132188	-0.000482049	0.013219	0.0269824	0.0412892	0.0495255	
1805811301	4096	1.80555e+09	-0.000144025	0.012886	-0.0443398	-0.0362022	-0.0245379	-0.0130459	-0.0004504	0.0128625	0.0264517	0.0395976	0.0486876	
1885761398	4096	1.8855e+09	-0.000140293	0.0126567	-0.0461573	-0.0364007	-0.0248503	-0.0126454	-0.000363896	0.0127812	0.0256952	0.0402235	0.0502657	
1969251188	4096	1.96898e+09	-0.000136264	0.0123601	-0.0457048	-0.0354696	-0.0243622	-0.0123674	-0.000504144	0.0124824	0.0249397	0.037567	0.0504734	
2056437387	4096	2.05632e+09	-5.8603e-05	0.0123654	-0.047957	-0.0353142	-0.0247794	-0.0124045	-0.000435961	0.0123644	0.0246041	0.0439355	0.0506381	
2147483648	4096	2.14712e+09	-0.000170164	0.0130574	-0.0522611	-0.0403918	-0.0259825	-0.0126587	-0.000706609	0.0128364	0.0263491	0.0468883	0.057684	
2242560872	4096	2.24158e+09	-0.000438145	0.0142124	-0.0585436	-0.0455073	-0.0286579	-0.0138862	-0.000818501	0.0135508	0.0289442	0.0506499	0.0597977	
2341847524	4096	2.34102e+09	-0.000351742	0.0148489	-0.0562085	-0.045487	-0.029918	-0.0150226	-0.000325083	0.0142806	0.0297178	0.0496803	0.059831	
2445529972	4096	2.4445e+09	-0.000421799	0.0147811	-0.0563766	-0.0457509	-0.0295536	-0.0150291	-0.000367629	0.0142482	0.0298396	0.0463427	0.0592483	
2553802834	4096	2.55283e+09	-0.000382717	0.0146091	-0.0554875	-0.0447837	-0.0291197	-0.014896	-0.000530811	0.0140796	0.0296187	0.0428405	0.0581902	
2666869345	4096	2.66572e+09	-0.000430861	0.0143636	-0.0526225	-0.0435705	-0.0284521	-0.0146003	-0.00060108	0.0137682	0.0290554	0.0470603	0.0549982	
2784941738	4096	2.78388e+09	-0.000380785	0.0140517	-0.0542101	-0.0415694	-0.0277353	-0.0143066	-0.000404672	0.0137636	0.0282161	0.0443613	0.0535331	
2908241642	4096	2.90727e+09	-0.000334878	0.0137545	-0.0488624	-0.0419445	-0.02733	-0.0140332	-0.000395923	0.0134089	0.0274051	0.0444352	0.0555928	
3037000500	4096	3.03632e+09	-0.000223723	0.0134501	-0.0492955	-0.0413789	-0.0265885	-0.0136617	-0.000216847	0.0130322	0.0270652	0.0461678	0.0534104	
3171459999	4096	3.17072e+09	-0.00023405	0.0131315	-0.0471745	-0.0410621	-0.0254582	-0.0132804	-0.000376177	0.0125882	0.0264037	0.0432846	0.0507298	
3311872529	4096	3.31114e+09	-0.000220269	0.0128283	-0.0429269	-0.0395248	-0.0247636	-0.0131367	-0.000379151	0.0121796	0.0259445	0.0402822	0.0522633	
3458501653	4096	3.45769e+09	-0.000233385	0.0124966	-0.0427304	-0.0386802	-0.0246652	-0.012815	-0.00041886	0.0120176	0.0253606	0.038361	0.0506972	
3611622603	4096	3.61062e+09	-0.000278575	0.0122691	-0.0411847	-0.0378234	-0.0246636	-0.012368	-0.000373542	0.0117396	0.0247159	0.0386269	0.0472806	
3771522796	4096	3.77042e+09	-0.000292834	0.0121665	-0.0450981	-0.0401032	-0.0240564	-0.012235	-0.000480577	0.0117785	0.0247857	0.0383418	0.0480497	
3938502376	4096	3.93747e+09	-0.000261135	0.0123619	-0.0506916	-0.0415778	-0.025117	-0.0121954	-0.000403691	0.0120498	0.0249721	0.0427994	0.0536084	
4112874773	4096	4.11157e+09	-0.000318088	0.0135136	-0.0506643	-0.0462415	-0.027135	-0.0134202	-0.000455639	0.0131269	0.02689	0.043279	0.0596778	
4294967296	4096	4.29418e+09	-0.000184042	0.0147395	-0.05296	-0.045783	-0.0294698	-0.0149693	-0.000734035	0.014403	0.0309762	0.046996	0.0622103	
